,CODE_ISO_3,Country,Mortality,Primary_series_coverage,ICU_admission,Cases,first_dose_coverage,Case_fatality_rate,Secured_doses,Domestic_production,excess_mortality,Testing_rate,Positivity_rate,per_Facilities_providing_vaccines,RDTs_vs_PCR,Testing_score,xdrug__dexamethasone,per_facilities_with_PPE_available_for_staff,per_facilities_with_IPC_PPE_guidelines,per_facilities_with_COVID_19_safe_measures,ICU_services,per_Facilities_conducting_testing,Absorption_capacity_level,Intent_to_vaccinate,Tests_gap,per_Delivery,Reporting_rate,Expected_Supply,world_bank_income_group,HCWs_infections,HCWs_death,Domestic_vaccination_cost,NDVP,Sequencing_capability,Sequencing_rate,WHO_40_per_coverage_target_status,AMC_status,HCWs_protected,Oxygen_crisis_risk_list,Disruption_to_health_services,population,WHO_10_per_coverage_target_status,WHO_70_per_coverage_target_status,income_group,ndvp_target,ndvp_deadline,ndvp_status,pu_used_per,who_region,sec_total_per,del_cour_total_per,adm_td,adm_fv,dvr_4wk_td_per,dvr_4wk_td,ndvp_timeto,t40_cour_need_adm,t40_cour_req,t40_cour_need_del,t40_cour_need_sec,t70_cour_need_adm,t70_cour_req,t70_cour_need_sec,t70_cour_need_del,cov_total_fv,pu_del_rem_per,sec_tobedel_per
1,AFG,Afghanistan,0.003,11.999,NA,0.211,13.667,4.293193132,133,NA,NA,1.145704891,4.035874439,NA,NA,2,NA,NA,NA,NA,NA,NA,4,NA,98.85429511,24.5146204,10,58,LIC,NA,NA,NA,Yes,1,NA,Goal not yet met,1,NA,2,10.25641026,38928346,Goal met after deadline,Off track,LIC,0.4,12/31/2022,Off track,0.561578243,EMR,0.67948574,0.16657335,5986139,4637327,0.000133394,5192.821429,4086,12491145,17128472,10644047,0,25337499,29974826,3523570,23490401,0.119124686,0.146058761,0.51291239
2,ALB,Albania,0.035,43.403,NA,6.915,46.072,1.269946181,175,NA,33.67,28.83947186,3.614457831,NA,NA,2,NA,NA,NA,NA,NA,NA,4,87.8,71.16052814,61.62189392,19,59,UMIC,NA,NA,0.13417438,NA,1,0.008,Goal met after deadline,NA,NA,2,72.72727273,2877800,Goal met by deadline,Off track,UMIC,NA,NA,Not captured,1,EUR,0.872947217,0.537926889,2827375,1232442,0.000623219,1793.5,NA,33790,1266232,0,0,983464,2215906,0,667860,0.428258392,0,0.335020328
3,DZA,Algeria,0,14.78,NA,0.036,17.879,2.586550689,115,NA,26.86,NA,NA,NA,NA,NA,NA,NA,NA,NA,NA,NA,4,62,NA,41.1889922,0,71,LMIC,NA,NA,0.13456723,Yes,2,0.345,Goal not yet met,1,NA,2,NA,43851044,Goal met after deadline,Off track,LMIC,0.7,12/31/2021,Deadline past,0.817630432,AFR,0.58656868,0.241601728,15205854,6481186,0.001187392,52068.39286,904,12813273,19294459,8699971,0,27284118,33765304,8043655,23170816,0.147800039,0.088121605,0.344966952
4,ASM,American Samoa,5.435,73.542,NA,177.546,80.149,0.486985726,NA,NA,NA,NA,NA,NA,NA,NA,NA,NA,NA,NA,NA,NA,NA,NA,NA,NA,NA,NA,UMIC,NA,NA,NA,No,1,0.357,Goal met by deadline,NA,NA,2,NA,55197,Goal met by deadline,Goal met,UMIC,NA,NA,Not captured,NA,WPR,NA,NA,103065,40053,0.006402392,353.3928571,NA,0,24287,NA,NA,2449,42502,NA,NA,0.725637263,NA,NA
5,AND,Andorra,0,70.118,NA,476.283,75.963,0.366756958,217,NA,27.2,NA,NA,NA,NA,NA,NA,NA,NA,NA,NA,NA,4,89.5,NA,100,2,95,HIC,NA,NA,0.026246207,NA,1,0.996,Goal met by deadline,NA,NA,1,NA,77265,Goal met by deadline,Off track,HIC,NA,NA,Not captured,1,EUR,1.08412606,1.08412606,152301,53406,0.000140518,10.85714286,NA,0,33997,0,0,6088,59494,0,0,0.691205591,0,0
6,AGO,Angola,0,19.253,NA,0,36.694,1.913644284,185,NA,NA,NA,NA,NA,NA,NA,NA,NA,NA,NA,NA,NA,4,96.3,NA,44.9433856,6,103,LMIC,NA,NA,0.22247669,Yes,1,NA,Goal not yet met,1,NA,2,73.17073171,32866272,Goal met after deadline,Off track,LMIC,0.6,7/30/2022,Off track,0.733304837,AFR,0.956559813,0.429910365,17896626,6327907,0.000297039,9762.571429,2156,8133253,14461160,331609,0,18979122,25307029,0,11177478,0.192534979,0.229310029,0.526649448
7,AIA,Anguilla,0,65.818,NA,0,70.804,0.322812052,NA,NA,NA,NA,NA,NA,NA,NA,NA,NA,NA,NA,NA,NA,4,NA,NA,NA,NA,NA,Other,NA,NA,NA,NA,1,1.733,Goal met by deadline,NA,NA,2,NA,15002,Goal met by deadline,Off track,Other,NA,NA,Not captured,1,AMR,NA,0.847886948,23126,9874,0.000980822,14.71428571,NA,0,6601,0,NA,1678,11552,NA,0,0.658178909,0,NA
8,ATG,Antigua and Barbuda,0,63.122,NA,9.19,65.304,1.787811562,256,NA,-4.75,NA,NA,NA,NA,NA,NA,NA,NA,NA,NA,NA,4,NA,NA,100.970285,1,128,HIC,NA,NA,0.075138971,NA,1,0.43,Goal met by deadline,NA,NA,1,NA,97929,Goal met by deadline,Off track,HIC,0.27,NA,Goal met,0.642962963,AMR,1.262904758,1.275158533,135605,61815,5.91E-05,5.785714286,0,0,43089,0,0,13590,75405,0,0,0.63122262,0.910557649,0
9,ARG,Argentina,0.168,82.358,NA,39.043,90.755,1.414399385,325,NA,12.45,18.86450128,5.03166784,NA,NA,1,NA,NA,NA,NA,NA,NA,4,94.9,81.13549872,77.26392215,21,154,UMIC,NA,NA,0.078878857,NA,3,0.099,Goal met by deadline,NA,NA,2,62.5,45195774,Goal met by deadline,Goal met,UMIC,NA,NA,Not captured,0.95877664,AMR,1.642033999,1.268699879,98484287,37222311,0.001403088,63413.64286,NA,0,19886141,0,0,0,34800746,0,0,0.823579457,0.104600142,0.37333412
10,ARM,Armenia,0.034,33.331,NA,0.742,38.179,2.039035602,126,NA,38.85,59.12926088,0.228310502,NA,NA,2,NA,NA,NA,NA,NA,NA,4,69.3,40.87073912,84.63921889,21,55,UMIC,NA,NA,0.17044948,NA,2,NA,Goal not yet met,NA,NA,3,7.317073171,2963234,Goal met after deadline,Off track,UMIC,NA,NA,Not captured,0.821678287,EUR,0.593969292,0.502731138,2150182,984868,0.000737852,2186.428571,NA,318955,1303823,0,0,1296822,2281690,521620,791980,0.332362547,0.179295695,0.091238154
11,ABW,Aruba,0,76.731,NA,254.763,82.77,0.606320606,NA,NA,26,NA,NA,NA,NA,NA,NA,NA,NA,NA,NA,NA,4,NA,NA,NA,NA,NA,HIC,NA,NA,0.041274868,NA,1,2.663,Goal met by deadline,NA,NA,1,NA,106766,Goal met by deadline,Goal met,HIC,NA,NA,Not captured,1,AMR,NA,0.877414158,170293,81923,0.000318453,34,NA,0,46977,0,NA,287,82210,NA,0,0.767313564,0,NA
12,AUS,Australia,0.875,84.427,NA,1526.215,87.37,0.120906294,990,NA,0.83,324.7176471,52.81571924,NA,NA,4,NA,NA,NA,NA,NA,NA,5,93.3,0,25.07956215,25,163,HIC,NA,NA,0.016940657,NA,3,0.662,Goal met by deadline,NA,NA,1,15.38461538,25499884,Goal met by deadline,Goal met,HIC,NA,NA,Not captured,0.998759611,WPR,5.006172361,1.255526104,57548962,21502153,0.001689792,43089.5,NA,0,11219949,0,0,0,19634911,0,0,0.843225522,0.003114681,3.750646258
13,AUT,Austria,0.595,74.206,NA,423.118,76.64,0.468676666,629,NA,8.51,1653.542083,3.518043487,NA,0.956914927,5,NA,NA,NA,NA,NA,NA,4,83,0,67.76585353,24,206,HIC,NA,NA,0.019719902,NA,3,1.232,Goal met by deadline,NA,NA,1,33.33333333,8901064,Goal met by deadline,Goal met,HIC,0.5,NA,Goal met,0.573107256,EUR,3.194850301,2.165017575,18234462,6602050,0.000986824,8783.785714,0,0,3916468,0,0,251769,6853819,0,0,0.741714698,1.848460589,1.029832726
14,AZE,Azerbaijan,0,47.769,NA,0.513,52.885,1.224909479,147,NA,34.26,26.12683697,0.302000755,NA,NA,2,NA,NA,NA,NA,NA,NA,4,83.5,73.87316303,100.1625579,24,75,UMIC,NA,NA,0.15156618,NA,2,NA,Goal met by deadline,NA,NA,2,NA,10139175,Goal met by deadline,Off track,UMIC,NA,NA,Not captured,0.996942573,EUR,0.739229178,0.740430854,13467338,4841430,0.000921334,9341.571429,NA,0,4461237,0,0,2965735,7807165,311991,299807,0.47749743,0.004527627,0
15,BHS,Bahamas,0,40.169,NA,5.849,42.333,2.374929318,164,NA,NA,35.36895674,17.26618705,NA,NA,1,NA,NA,NA,NA,NA,NA,4,NA,64.63104326,83.85771189,11,81,HIC,NA,NA,0.038662836,NA,1,NA,Goal met after deadline,NA,NA,1,62.5,393244,Goal met by deadline,Off track,HIC,NA,NA,Not captured,0.725134796,AMR,0.82675133,0.693294748,340866,157964,0.000466541,183.4642857,NA,15063,173027,0,0,144834,302798,0,30164,0.401694622,0.381125205,0.133456582
16,BHR,Bahrain,0.059,71.647,NA,175.778,72.573,0.258179771,216,NA,NA,244.5945946,16.14220514,NA,NA,4,NA,NA,NA,NA,NA,NA,4,NA,0,100.0972868,24,126,HIC,NA,NA,0.040343881,NA,3,NA,Goal met by deadline,NA,NA,1,0,1701575,Goal met by deadline,Goal met,HIC,NA,NA,Not captured,1,EMR,1.108790679,1.109869386,3433683,1218620,0.000188103,320.0714286,NA,0,748693,0,0,91593,1310213,0,0,0.716171782,0,0
17,BGD,Bangladesh,0,70.694,NA,0.03,78.067,1.491568925,328,NA,NA,2.397245718,0.40526849,NA,NA,2,NA,NA,NA,NA,NA,NA,5,99.1,97.60275428,100.5526783,16,154,LMIC,NA,NA,0.22891448,Yes,3,0.211,Goal met after deadline,1,NA,2,18.86792453,164689383,Goal met by deadline,Goal met,LMIC,0.7,6/30/2022,Goal met,0.571143262,SEAR,1.647909252,1.657016889,257143480,116215959,0.00288319,474830.7857,0,0,72463329,0,0,10594866,126810825,0,0,0.705667584,1.421245717,0
18,BRB,Barbados,3.132,52.864,NA,1084.993,56.269,0.550561491,178,NA,-5.42,493.3797909,32.13276836,NA,NA,4,NA,NA,NA,NA,NA,NA,4,NA,0,100,17,102,HIC,NA,NA,0.065867208,NA,1,NA,Goal met by deadline,NA,NA,1,NA,287375,Goal met by deadline,Off track,HIC,NA,NA,Not captured,0.806094799,AMR,0.891239669,0.891239669,361690,151918,0.000170012,48.85714286,NA,0,126445,0,0,69361,221279,0,0,0.528640278,0.345632014,0
19,BLR,Belarus,0.243,61.064,NA,20.89,65.383,0.70950711,141,NA,20.4,64.80050799,3.984974686,NA,NA,2,NA,NA,NA,NA,NA,NA,5,63.7,35.19949201,103.1061217,19,53,UMIC,NA,NA,0.11136896,NA,2,0.007,Goal met after deadline,NA,NA,3,NA,9449321,Goal met by deadline,Off track,UMIC,NA,NA,Not captured,1,EUR,0.685551639,0.706845709,12144023,5667040,0.002767406,26150.10714,NA,0,4157701,0,0,1608937,7275977,797980,596765,0.599729864,0,0
20,BEL,Belgium,0.451,79.237,NA,143.129,80.084,0.771756529,629,NA,8.08,168.2398619,26.32955536,NA,NA,4,NA,NA,NA,NA,NA,NA,4,90.2,0,36.54800217,19,167,HIC,NA,NA,0.021042313,NA,3,2.216,Goal met by deadline,NA,NA,1,NA,11522440,Goal met by deadline,Goal met,HIC,NA,NA,Not captured,1,EUR,3.174671988,1.160279246,25278129,9127657,0.001488335,17149.25,NA,0,5069874,0,0,0,8872279,0,0,0.792163552,0,2.014392741
21,BLZ,Belize,0,53.041,NA,30.43,59.621,1.17336666,241,NA,6.28,170.6030151,0.88365243,NA,NA,5,NA,NA,NA,NA,NA,NA,4,NA,0,83.44195903,9,130,LMIC,NA,NA,0.17568851,NA,1,NA,Goal met by deadline,NA,NA,3,67.34693878,397628,Goal met by deadline,Off track,LMIC,NA,NA,Not captured,0.680234572,AMR,1.227062732,1.023884133,472456,210905,0.000338076,134.4285714,NA,0,174956,0,0,95269,306174,0,0,0.530407818,0.654805497,0.203178599
22,BEN,Benin,0,21.655,NA,0,26.048,0.612666792,84,NA,NA,NA,NA,NA,NA,NA,NA,NA,NA,NA,NA,NA,4,88.2,NA,52.86781031,2,56,LMIC,NA,NA,0.33839497,Yes,1,NA,Goal not yet met,1,NA,2,18.75,12123200,Goal met after deadline,Off track,LMIC,0.6,6/30/2022,Off track,0.699688053,AFR,0.433640664,0.229256302,3333450,2621821,0.000670288,8126.035714,1079,2712387,5334208,2554888,77096,6713043,9334864,4077752,6555544,0.216264765,0.137696813,0.204384362
23,BMU,Bermuda,4.817,76.214,NA,438.392,77.737,0.968768074,NA,NA,2.8,2051.612903,NA,NA,NA,NA,NA,NA,NA,NA,NA,NA,5,NA,0,NA,14,NA,HIC,NA,NA,NA,NA,1,0.172,Goal met by deadline,NA,NA,1,17.64705882,62273,Goal met by deadline,Goal met,HIC,NA,NA,Not captured,1,AMR,NA,1.160904405,130179,47461,0.001532423,95.42857143,NA,0,27400,0,NA,489,47950,NA,0,0.762144107,0,NA
24,BTN,Bhutan,0,87.027,NA,34.344,89.754,0.035287001,326,NA,NA,NA,NA,NA,NA,NA,NA,NA,NA,NA,NA,NA,5,NA,NA,82.30674837,12,111,LMIC,NA,NA,0.14853874,Yes,1,NA,Goal met by deadline,1,NA,2,7.272727273,771608,Goal met by deadline,Goal met,LMIC,0.95,12/31/2022,On track,1,SEAR,1.647559382,1.356052555,1902438,670303,0.004823971,3722.214286,28,0,339508,0,0,0,594138,0,0,0.868709241,0,0.291506827
25,BOL,Bolivia (Plurinational State of),0.12,50.695,NA,3.332,61.413,2.421813554,283,NA,51.82,NA,NA,NA,NA,NA,NA,NA,NA,NA,NA,NA,4,93.9,NA,75.10282855,14,124,LMIC,NA,NA,0.14987648,Yes,1,NA,Goal met after deadline,1,NA,3,74.28571429,11673021,Goal met by deadline,Off track,LMIC,0.8,12/31/2022,Off track,0.654546619,AMR,1.393795145,1.046779578,13552099,5917593,0.001206222,14080.25,397,0,5136129,0,0,3070633,8988226,0,0,0.506946145,0.723227089,0.347015567
26,BES,Bonaire,0,11.41,NA,344.251,22.034,0.347056008,NA,NA,NA,NA,NA,NA,NA,NA,NA,NA,NA,NA,NA,NA,NA,NA,NA,NA,NA,NA,NA,NA,NA,NA,NA,1,8.278,NA,NA,NA,2,NA,NA,NA,NA,NA,NA,NA,NA,NA,NA,NA,NA,NA,NA,NA,NA,NA,NA,NA,NA,NA,NA,NA,NA,NA,NA,NA,NA
27,BIH,Bosnia and Herzegovina,0.091,25.789,NA,6.645,28.755,4.178669387,124,NA,26.49,14.446815,6.962025316,NA,NA,1,NA,NA,NA,NA,NA,NA,5,70.7,85.553185,68.60002763,25,62,UMIC,NA,NA,0.11781288,NA,2,0.114,Goal not yet met,NA,NA,3,NA,3280815,Goal met by deadline,Off track,UMIC,NA,NA,Not captured,0.792154184,EUR,0.61784648,0.423842856,1924950,846080,0.004039458,13252.71429,NA,597479,1443559,53009,0,1680148,2526228,499188,1135678,0.257887141,0.176187929,0.194003624
28,BWA,Botswana,0,56.967,NA,0,62.919,0.878510777,229,NA,NA,48.55442177,2.714535902,NA,NA,2,NA,NA,NA,NA,NA,NA,5,NA,51.44557823,52.02849902,5,113,UMIC,NA,NA,0.10655956,NA,2,0.5,Goal met by deadline,NA,NA,2,40.42553191,2351627,Goal met by deadline,Off track,UMIC,0.64,12/31/2021,Deadline past,0.772633478,AFR,1.166474105,0.606898968,1919965,1333463,0.004118486,9685.142857,21,0,1034716,0,0,477290,1810753,0,383553,0.56703848,0.275977015,0.559575137
29,BRA,Brazil,0.296,74.743,NA,51.889,84.09,2.173291713,279,130,25.03,NA,NA,NA,NA,NA,NA,NA,NA,NA,NA,NA,5,95.6,NA,98.69792025,2,145,UMIC,NA,NA,0.10117359,NA,3,0.199,Goal met by deadline,NA,NA,2,71.73913043,212559417,Goal met by deadline,Goal met,UMIC,NA,NA,Not captured,0.798839882,AMR,1.405863227,1.387557767,412229531,158872643,0.002197717,467145.3571,NA,0,93526143,0,0,4798108,163670751,0,0,0.747426979,0.558242569,0.01830546
30,VGB,British Virgin Islands,0,58.997,NA,0,63.723,0.975609756,NA,NA,NA,NA,NA,NA,NA,NA,NA,NA,NA,NA,NA,NA,4,NA,NA,NA,NA,NA,HIC,NA,NA,NA,NA,1,NA,Goal met by deadline,NA,NA,1,16,30237,Goal met by deadline,Off track,HIC,NA,NA,Not captured,1,AMR,NA,0.742732414,40833,17839,0.000349619,10.57142857,NA,0,13304,0,NA,5443,23282,NA,824,0.58997255,0,NA
31,BRN,Brunei Darussalam,0.229,92.671,NA,216.468,94.189,0.111299332,270,NA,-0.95,NA,NA,NA,NA,NA,NA,NA,NA,NA,NA,NA,5,NA,NA,100,15,126,HIC,NA,NA,0.031218942,NA,1,0.37,Goal met by deadline,NA,NA,1,14.63414634,437479,Goal met by deadline,Goal met,HIC,NA,NA,Not captured,1,WPR,1.363491733,1.363491733,1084543,405414,0.001852987,810.6428571,NA,0,192491,0,0,0,336859,0,0,0.926705053,0,0
32,BGR,Bulgaria,0.791,29.584,NA,33.518,30.019,3.189249384,629,NA,26.37,81.49107657,5.898975627,NA,NA,1,NA,NA,NA,NA,NA,NA,1,63,18.50892343,30.04204258,20,118,UMIC,NA,NA,0.069114804,NA,3,NA,Goal not yet met,NA,NA,3,37.5,6951482,Goal met by deadline,Off track,UMIC,NA,NA,Not captured,0.435498623,EUR,3.119877603,0.937274958,4371849,2055630,0.00018456,1282.964286,NA,1003022,3058652,0,0,3297011,5352641,0,0,0.295711044,1.05818601,2.182602645
33,BFA,Burkina Faso,0.005,7.365,NA,0.163,11.635,1.837408488,124,NA,NA,NA,NA,NA,NA,NA,NA,NA,NA,NA,NA,NA,4,76.6,NA,27.49469141,12,53,LIC,NA,NA,1.0822717,Yes,2,NA,Goal not yet met,1,NA,2,0,20903273,Goal not yet met,Off track,LIC,0.7,12/31/2022,Off track,0.500538384,AFR,0.636180659,0.174915909,2928989,1539151,0.000866013,18102.5,1397,7658289,9197440,5541125,0,14556369,16095520,2797262,12439205,0.073632058,0.174727565,0.46126475
34,BDI,Burundi,0,0.102,NA,2.464,0.106,0.036724201,124,NA,NA,13.94331848,2.955367913,NA,NA,2,NA,NA,NA,NA,NA,NA,1,NA,86.05668152,5.276685337,4,17,LIC,NA,NA,3.8398333,No,1,NA,Goal not yet met,1,NA,2,5,11890784,Goal not yet met,Off track,LIC,0.4,12/31/2021,Deadline past,0.1155334,AFR,0.639424406,0.033740416,12464,11582,0,0,NA,5220363,5231945,4830745,0,9144322,9155904,1552646,8754704,0.000974032,0.059684542,0.60568399
35,CPV,Cabo Verde,0,55.243,NA,3.237,63.841,0.71548371,195,NA,6.81,42.44604317,2.966101695,NA,NA,2,NA,NA,NA,NA,NA,NA,4,NA,57.55395683,95.30921119,12,91,LMIC,NA,NA,0.14629991,Yes,1,NA,Goal met by deadline,1,NA,2,21.56862745,555987,Goal met by deadline,Off track,LMIC,0.7,12/31/2021,Deadline past,0.819121598,AFR,0.98695653,0.940660483,752194,307019,0.001211745,673.7142857,173,0,244634,0,0,121091,428110,0,0,0.552205357,0.340290331,0.046296046
36,KHM,Cambodia,0,84.981,NA,0.06,89.403,2.242738254,442,NA,NA,2.859022669,0.209205021,NA,NA,2,NA,NA,NA,NA,NA,NA,4,97.8,97.14097733,87.84660904,6,117,LMIC,NA,NA,0.29726416,Yes,2,3.97,Goal met by deadline,1,NA,2,NA,16718965,Goal met by deadline,Goal met,LMIC,0.95,12/31/2022,On track,0.875940634,WPR,1.631624775,1.433327063,37188887,14110905,0.001480947,24759.89286,113,0,7356345,0,0,0,12873603,0,0,0.844005894,0.355635292,0.198297712
37,CMR,Cameroon,0,4.555,NA,0,5.848,1.608782768,120,NA,NA,76.41452573,0,NA,NA,2,92,15,63,87,97,95,4,57.7,23.58547427,7.584653037,2,52,LMIC,NA,NA,0.2974827,Yes,1,NA,Goal not yet met,1,1,3,63.15789474,26545863,Goal not yet met,Off track,LMIC,0.2,12/31/2022,Off track,0.83610191,AFR,0.617000001,0.046797311,1828882,1209108,3.68E-05,977.3928571,8039,10471072,11680180,10437905,0,19231207,20440315,4061518,19198040,0.045547888,0.01533998,0.57020269
38,CAN,Canada,1.089,82.519,NA,86.99,86.134,1.048835052,836,NA,2.7,114.7077526,12.97207401,NA,NA,4,NA,NA,NA,NA,NA,NA,4,91.2,0,32.38703644,21,190,HIC,NA,NA,0.020094248,NA,3,5.991,Goal met by deadline,NA,NA,1,NA,37742154,Goal met by deadline,Goal met,HIC,NA,NA,Not captured,0.894068314,AMR,4.215880048,1.365398594,81841579,31144367,0.000536233,20238.57143,NA,0,16606548,0,0,0,29061459,0,0,0.825187852,0.289277954,2.850481454
39,CYM,Cayman Islands,0,89.54,NA,920.572,92.515,0.118275802,NA,NA,NA,NA,NA,NA,NA,NA,NA,NA,NA,NA,NA,NA,4,NA,NA,NA,NA,NA,HIC,NA,NA,NA,NA,1,NA,Goal met by deadline,NA,NA,1,9.090909091,65720,Goal met by deadline,Goal met,HIC,NA,NA,Not captured,1,AMR,NA,1.194324407,142710,58846,0.000865142,56.85714286,NA,0,28917,0,NA,0,50604,NA,0,0.895404747,0,NA
40,CAF,Central African Republic,0,20.469,NA,0,21.184,0.78701769,123,NA,NA,1.677018634,0,NA,NA,2,NA,NA,NA,NA,NA,NA,4,NA,98.32298137,41.70532991,7,69,LIC,NA,NA,1.906015,Yes,1,NA,Goal not yet met,1,NA,3,2.040816327,4829767,Goal met after deadline,Off track,LIC,0.52,12/31/2023,On track,0.510949789,AFR,0.626736756,0.261382588,1037580,988591,0.000111333,537.7142857,5600,1136506,2125097,862680,0,2730330,3718921,691928,2456504,0.2046871,0.25565842,0.365354167
41,TCD,Chad,0,12.709,NA,0.006,13.47,2.603885591,121,NA,NA,0.529648119,0,NA,NA,2,NA,NA,NA,NA,NA,NA,5,NA,99.47035188,21.83195399,13,63,LIC,NA,NA,1.3734442,Yes,1,NA,Goal not yet met,1,NA,2,77.35849057,16425864,Goal met after deadline,Off track,LIC,0.48,12/31/2022,On track,0.624493923,AFR,0.623954454,0.136221449,2347168,2087559,0.001635574,26865.71429,427,5139821,7227380,4989825,0,10560356,12647915,2398924,10410360,0.127089753,0.102303964,0.487733004
42,CHL,Chile,0.513,91.314,2.082,95.903,93.706,1.610264883,438,NA,19.26,253.6566227,6.092103364,NA,NA,4,NA,NA,NA,NA,NA,NA,5,96.2,0,71.57452119,21,163,HIC,NA,NA,0.063145228,NA,3,0.093,Goal met by deadline,NA,NA,1,49.05660377,19116201,Goal met by deadline,Goal met,HIC,NA,NA,Not captured,0.973590887,AMR,2.199908941,1.57457431,52589960,17455826,0.003479031,66505.85714,NA,0,8411128,0,0,0,14719475,0,0,0.913143046,0.083166221,0.625334631
43,CHN,China,0.012,85.447,NA,15.483,87.528,1.155627495,255,NA,NA,NA,NA,NA,NA,NA,NA,NA,NA,NA,NA,NA,5,NA,NA,100.2470692,0,156,UMIC,NA,NA,0.065863833,NA,3,0.006,Goal met after deadline,NA,NA,3,0,1471286879,Goal met after deadline,Goal met,UMIC,NA,NA,Not captured,0.683717003,WPR,1.247178109,1.250259502,2147483647,1250530971,0.043116666,63436985.46,NA,0,647366227,0,0,0,1132890897,0,0,0.849957265,0.790871644,0
44,COL,Colombia,0.024,69.59,NA,1.922,82.741,2.294341072,247,NA,31.63,33.7047737,0.816326531,NA,0.662459021,2,NA,NA,NA,NA,NA,NA,5,95.3,66.2952263,99.99999842,15,97,UMIC,NA,NA,0.13292284,NA,3,0.298,Goal met by deadline,NA,NA,3,NA,50882891,Goal met by deadline,On track,UMIC,NA,NA,Not captured,0.749497514,AMR,1.242592151,1.242592132,82131143,35233527,0.001543096,78517.17857,NA,0,22388472,0,0,3946299,39179826,0,0,0.692443497,0.622544835,1.97E-08
45,COM,Comoros,0,34.639,NA,0,39.248,1.973603059,201,NA,NA,NA,NA,NA,NA,NA,NA,NA,NA,NA,NA,NA,4,NA,NA,48.20062669,1,70,LMIC,NA,NA,0.35221502,Yes,1,NA,Goal not yet met,1,NA,3,51.06382979,869601,Goal met by deadline,Off track,LMIC,0.6,6/30/2022,Off track,0.845110185,AFR,1.028319885,0.495657204,642320,301218,0.000110601,96.17857143,4169,81406,382624,0,0,368375,669593,0,238569,0.346386446,0.153544327,0.532662681
46,COG,Congo,0,9.863,NA,0,12.559,1.601430889,146,NA,NA,7.085900689,0,NA,NA,2,NA,NA,NA,NA,NA,NA,1,NA,92.91409931,36.066738,4,74,LMIC,NA,NA,0.18435678,Yes,2,NA,Goal not yet met,1,NA,3,45.45454545,5518087,Goal met after deadline,Off track,LMIC,0.6,12/31/2022,Off track,0.380007814,AFR,0.745884489,0.269016237,831318,652422,4.76E-05,262.5,20097,1775536,2427958,943503,0,3596505,4248927,133072,2764472,0.118233366,0.333575929,0.476868252
47,COK,Cook Islands,0,83.574,NA,1121.612,85.476,0.01898614,NA,NA,NA,NA,NA,NA,NA,NA,NA,NA,NA,NA,NA,NA,NA,NA,NA,NA,NA,NA,Other,NA,NA,NA,NA,1,NA,NA,NA,NA,2,NA,NA,NA,NA,Other,NA,NA,Not captured,NA,WPR,NA,NA,NA,NA,NA,NA,NA,NA,NA,NA,NA,NA,NA,NA,NA,NA,NA,NA
48,CRI,Costa Rica,0.314,80.178,NA,102.393,86.396,0.982281375,296,NA,11.58,141.3034943,8.516254515,NA,NA,4,NA,NA,NA,NA,NA,NA,5,96.1,0,90.40853184,16,115,UMIC,NA,NA,0.066035874,NA,2,0.67,Goal met by deadline,NA,NA,2,23.33333333,5094118,Goal met by deadline,Goal met,UMIC,NA,NA,Not captured,0.872649891,AMR,1.491824492,1.348736719,10617173,4084348,0.003161209,16103.57143,NA,0,2241412,0,0,0,3922471,0,0,0.801777265,0.343523511,0.143087773
49,CIV,Côte d’Ivoire,0,20.643,NA,0.064,30.148,0.974699295,121,NA,NA,3.029039351,0.250312891,NA,NA,2,NA,NA,NA,NA,NA,NA,4,NA,96.97096065,56.05170282,12,74,LMIC,NA,NA,0.19669761,Yes,2,NA,Goal not yet met,1,NA,2,55,26378274,Goal met after deadline,Off track,LMIC,0.7,6/30/2022,Off track,0.757315581,AFR,0.616448711,0.345529999,11982186,5437294,0.00116939,30846.5,763,6169147,11606441,2491956,0,14873977,20311271,4050418,11196786,0.20612774,0.167709495,0.270918711
50,HRV,Croatia,1.306,55.122,NA,117.294,56.986,1.408832871,629,NA,16.84,79.26918392,21.63491088,NA,NA,1,NA,NA,NA,NA,NA,NA,4,72.6,20.73081608,32.75570636,18,127,HIC,NA,NA,0.067106538,NA,1,3.363,Goal met by deadline,NA,NA,1,11.53846154,4058165,Goal met by deadline,Off track,HIC,NA,NA,Not captured,0.722717132,EUR,3.16288384,1.036024903,5236254,2236290,0.000186863,758.3214286,NA,0,1785593,0,0,888497,3124787,0,0,0.551059407,0.574543913,2.126858937
51,CUB,Cuba,0,87.805,NA,7.496,94.078,0.772387181,347,16,0.44,48.32700627,2.009499452,NA,NA,2,NA,NA,NA,NA,NA,NA,4,NA,51.67299373,100.1396057,17,154,UMIC,NA,NA,NA,NA,1,NA,Goal met by deadline,NA,NA,2,0,11326616,Goal met by deadline,Goal met,UMIC,NA,NA,Not captured,1,AMR,1.732415401,1.734833952,35703154,9945315,0.001010833,11449.32143,NA,0,4983711,0,0,0,8721494,0,0,0.878048218,0,0
52,CUW,Curaçao,0.609,60.318,NA,179.776,65.737,0.647295063,NA,NA,NA,NA,NA,NA,NA,NA,NA,NA,NA,NA,NA,NA,NA,NA,NA,NA,NA,NA,HIC,NA,NA,NA,NA,1,5.62,Goal met by deadline,NA,NA,1,NA,164093,Goal met by deadline,Off track,HIC,NA,NA,Not captured,NA,AMR,NA,NA,250496,98978,0.000819439,134.4642857,NA,0,72201,NA,NA,27374,126352,NA,NA,0.603182342,NA,NA
53,CYP,Cyprus,1.351,74.187,5.58,387.836,74.622,0.21233749,645,NA,6.87,NA,NA,NA,NA,NA,NA,NA,NA,NA,NA,NA,4,NA,NA,36.47270149,6,156,HIC,NA,NA,0.035976052,NA,2,NA,Goal met by deadline,NA,NA,1,NA,888005,Goal met by deadline,Goal met,HIC,NA,NA,Not captured,0.715843503,EUR,4.415104645,1.610308501,1761265,658499,0.00125675,1116,NA,0,390722,0,0,25265,683764,0,0,0.741548753,0.915158924,2.804796144
54,CZE,Czechia,0.355,64.157,2.145,59.351,64.999,1.027990636,631,NA,16.7,83.13568027,6.211389419,NA,NA,1,NA,NA,NA,NA,NA,NA,4,79.9,16.86431973,39.37756739,27,156,HIC,NA,NA,0.041106112,NA,2,1.341,Goal met by deadline,NA,NA,1,35.8490566,10693939,Goal met by deadline,Off track,HIC,NA,NA,Not captured,0.75821528,EUR,3.162385675,1.245270615,17530705,6858771,0.000417219,4461.714286,NA,0,4705333,0,0,1375562,8234333,0,0,0.641369939,0.602174793,1.917115059
55,PRK,Democratic People's Republic of Korea,0,NA,NA,0,NA,NA,100,NA,NA,NA,NA,NA,NA,NA,NA,NA,NA,NA,NA,NA,NA,NA,NA,NA,NA,74,LIC,NA,NA,NA,Yes,1,NA,NA,1,NA,2,0,NA,NA,NA,LIC,0.2,12/31/2021,NA,NA,SEAR,NA,NA,NA,NA,NA,NA,NA,NA,NA,NA,NA,NA,NA,NA,NA,NA,NA,NA
56,COD,Democratic Republic of the Congo,0,1.189,NA,0,1.978,1.54090841,150,NA,NA,1.280691372,0,NA,NA,2,NA,NA,NA,NA,NA,NA,1,63.3,98.71930863,6.112132134,13,59,LIC,NA,NA,1.6887988,Yes,2,0.094,Goal not yet met,1,NA,2,6.666666667,89561403,Goal not yet met,Off track,LIC,0.45,12/31/2022,Off track,0.235256751,AFR,0.771994717,0.047185337,1143186,1064851,0.000105442,9443.571429,8235,38342166,39407017,35181032,0,67897429,68962280,0,64736295,0.011889619,0.072169336,0.72480938
57,DNK,Denmark,1.168,82.207,NA,102.872,83.03,0.199723755,629,NA,1.25,146.961326,9.398496241,NA,0.837659589,4,NA,NA,NA,NA,NA,NA,4,92.6,0,33.33394326,12,164,HIC,NA,NA,0.015618469,NA,3,11.332,Goal met by deadline,NA,NA,1,2.222222222,5822763,Goal met by deadline,Goal met,HIC,NA,NA,Not captured,1,EUR,3.139570252,1.046542681,13180102,4790080,0.000280979,1636.071429,NA,0,2562016,0,0,0,4483528,0,0,0.822647255,0,2.093027571
58,DJI,Djibouti,0,12.197,NA,0,16.251,1.209135692,220,NA,NA,34.00809717,0.892857143,NA,NA,2,NA,NA,NA,NA,NA,NA,1,NA,65.99190283,80.44624382,13,71,LMIC,NA,NA,0.13430257,Yes,1,NA,Goal not yet met,1,NA,2,1.923076923,988000,Goal met after deadline,Off track,LMIC,0.4,6/1/2022,Off track,0.199878615,EMR,1.114249494,0.896371457,176908,116303,0.000345069,340.9285714,1519,318417,434720,0,0,644457,760760,0,0,0.117715587,1.434411943,0.217878036
59,DMA,Dominica,0,41.936,NA,0,45.281,0.518049503,422,NA,NA,NA,NA,NA,NA,NA,NA,NA,NA,NA,NA,NA,1,NA,NA,72.85250418,3,168,UMIC,NA,NA,0.10070696,Yes,1,NA,Goal met after deadline,1,NA,2,29.41176471,71991,Goal met by deadline,Off track,UMIC,0.7,12/31/2022,Off track,0.399090582,AMR,2.117556361,1.542692837,66434,30190,0.000148332,10.67857143,3558,1486,31676,0,0,25243,55433,0,0,0.419357975,1.85403731,0.574863525
60,DOM,Dominican Republic,0,54.948,NA,0.986,66.432,0.755039926,287,NA,6.66,NA,NA,NA,NA,NA,NA,NA,NA,NA,NA,NA,4,94.6,NA,54.59880737,8,100,UMIC,NA,NA,0.092232108,NA,1,0.034,Goal met by deadline,NA,NA,3,71.73913043,10847910,Goal met by deadline,Off track,UMIC,NA,NA,Not captured,1,AMR,1.44826008,0.790732777,15493430,5960714,0.000240175,2605.392857,NA,0,4773080,0,0,2392177,8352891,0,0,0.549480407,0,0.657527302
61,ECU,Ecuador,0,78.762,NA,3.072,85.653,4.090605099,274,NA,42.39,NA,NA,NA,NA,NA,NA,NA,NA,NA,NA,NA,5,96,NA,100.0071768,11,115,UMIC,NA,NA,0.13310334,NA,2,0.453,Goal met by deadline,NA,NA,3,31.11111111,17643054,Goal met by deadline,Goal met,UMIC,NA,NA,Not captured,0.797936613,AMR,1.389980357,1.390080085,34234151,13895971,0.001959094,34564.39286,NA,0,7762944,0,0,0,13585152,0,0,0.787617098,0.56176858,0
62,EGY,Egypt,0.027,33.695,NA,0.055,45.367,4.800854731,237,20,24.41,NA,NA,NA,NA,NA,NA,NA,NA,NA,NA,NA,4,87.5,NA,37.86722142,6,113,LMIC,NA,NA,0.12711105,Yes,2,NA,Goal not yet met,1,NA,3,15.90909091,102334404,Goal met after deadline,Off track,LMIC,0.5,NA,No timeline,0.968869034,EMR,1.208566202,0.45765044,81384156,34130697,0.00125134,128055.1071,172,10896441,45027138,0,0,44666794,78797491,0,31964106,0.333521237,0.0284942,0.750915762
63,SLV,El Salvador,0,66.115,NA,0,70.604,2.546749008,253,NA,16.28,31.79155103,0,NA,NA,2,NA,NA,NA,NA,NA,NA,4,95.2,68.20844897,78.86213164,8,112,LMIC,NA,NA,0.11535471,Yes,2,NA,Goal met by deadline,1,NA,2,66.66666667,6486205,Goal met by deadline,Off track,LMIC,0.8,6/30/2022,Off track,0.918221837,AMR,1.272361882,1.003411702,10650522,4288368,0.001342773,8709.5,173,0,2853930,0,0,706010,4994378,0,0,0.661152091,0.164114332,0.26895018
64,GNQ,Equatorial Guinea,0,14.737,NA,0,18.924,1.150436915,55,NA,NA,27.9401283,0,NA,NA,2,NA,NA,NA,NA,NA,NA,4,NA,72.0598717,65.553375,5,29,UMIC,NA,NA,0.090797797,NA,1,NA,Goal not yet met,NA,NA,2,NA,1402985,Goal met by deadline,Off track,UMIC,0.4,12/31/2021,Deadline past,0.998134535,AFR,0.285106398,0.186897223,471006,212359,5.20E-05,72.96428571,8849,404954,617313,355099,217313,867939,1080298,680298,818084,0.151362274,0.000697299,0.098209175
65,ERI,Eritrea,0,NA,NA,0,NA,1.058146702,120,NA,NA,NA,NA,NA,NA,NA,NA,NA,NA,NA,NA,NA,NA,NA,NA,NA,1,NA,LIC,NA,NA,1.6013445,No,1,NA,NA,1,NA,2,37.03703704,NA,NA,NA,LIC,NA,NA,Not captured,NA,AFR,NA,NA,NA,NA,NA,NA,NA,NA,NA,NA,NA,NA,NA,NA,NA,NA,NA,NA
66,EST,Estonia,0.15,62.925,0.752,7.675,63.274,0.445116817,629,NA,10.11,181.6880181,3.069265865,NA,NA,5,NA,NA,NA,NA,NA,NA,4,NA,0,33.42890299,22,143,HIC,NA,NA,0.039142843,NA,2,0.804,Goal met by deadline,NA,NA,1,4.761904762,1328976,Goal met by deadline,Off track,HIC,NA,NA,Not captured,0.840082407,EUR,3.135716522,1.048235634,2061988,835989,0.000762537,1013.392857,NA,0,584749,0,0,187323,1023312,0,0,0.629047477,0.335262638,2.087480888
67,SWZ,Eswatini,0.172,28.967,NA,26.462,33.398,1.97142213,124,NA,NA,34.39655172,19.79949875,NA,NA,1,NA,NA,NA,NA,NA,NA,4,NA,65.60344828,41.88762436,11,63,LMIC,NA,NA,0.12346707,Yes,1,NA,Goal not yet met,1,NA,2,79.31034483,1160164,Goal met by deadline,Off track,LMIC,0.7,6/30/2022,Off track,0.976718991,AFR,0.628314187,0.263186067,535393,336066,0.000365773,424.3571429,2122,174406,510472,205133,0,557260,893326,164378,587987,0.289671115,0.012254474,0.36512812
68,ETH,Ethiopia,0,18.52,NA,0.024,21.546,1.595804585,106,NA,NA,2.406840402,0.903505602,NA,NA,2,NA,NA,NA,NA,NA,NA,4,74.1,97.5931596,37.23771185,19,63,LIC,NA,NA,1.066938,Yes,2,NA,Goal not yet met,1,NA,2,20.93023256,114963588,Goal met after deadline,Off track,LIC,0.46,12/31/2022,Off track,0.732179711,AFR,0.542677139,0.202080549,29373478,21291403,0,0,NA,29292576,50583979,27352074,0,67230560,88521963,26133852,65290058,0.185201274,0.108242542,0.34059659
69,FLK,Falkland Islands (Malvinas),0,50.962,NA,6057.996,75.567,0,NA,NA,NA,NA,NA,NA,NA,NA,NA,NA,NA,NA,NA,NA,NA,NA,NA,NA,NA,NA,NA,NA,NA,NA,NA,1,NA,NA,NA,NA,2,NA,NA,NA,NA,NA,NA,NA,NA,NA,NA,NA,NA,NA,NA,NA,NA,NA,NA,NA,NA,NA,NA,NA,NA,NA,NA,NA,NA
70,FRO,Faroe Islands,0,83.69,NA,0,85.368,0.080789428,NA,NA,-6.02,NA,NA,NA,NA,NA,NA,NA,NA,NA,NA,NA,NA,NA,NA,NA,22,NA,NA,NA,NA,NA,NA,1,NA,NA,NA,NA,2,NA,NA,NA,NA,NA,NA,NA,NA,NA,NA,NA,NA,NA,NA,NA,NA,NA,NA,NA,NA,NA,NA,NA,NA,NA,NA,NA,NA
71,FJI,Fiji,0,70.764,NA,7.251,76.702,1.332323529,268,NA,NA,10.49107143,13.82978723,NA,NA,1,NA,NA,NA,NA,NA,NA,4,NA,89.50892857,72.27699065,6,109,UMIC,NA,NA,0.1527468,Yes,1,NA,Goal met by deadline,1,NA,2,14.28571429,896445,Goal met by deadline,Goal met,UMIC,NA,NA,Not captured,0.923772833,WPR,1.351069502,0.976512781,1442245,632713,0.000660825,592.3928571,NA,0,394436,0,0,57550,690263,0,0,0.705802364,0.148873606,0.374556721
72,FIN,Finland,0,78.395,NA,133.839,81.926,0.394199286,629,NA,2.99,137.5203032,55.78740157,NA,NA,4,NA,NA,NA,NA,NA,NA,4,91.7,0,40.81035625,18,153,HIC,NA,NA,0.019819677,NA,3,0.24,Goal met by deadline,NA,NA,1,16.66666667,5525292,Goal met by deadline,Goal met,HIC,NA,NA,Not captured,0.923462761,EUR,3.157809669,1.288713429,11726962,4323678,0.001233639,6816.214286,NA,0,2431128,0,0,0,4254475,0,0,0.782524797,0.197269122,1.86909624
73,FRA,France,1.159,80.23,10.59,399.404,81.444,0.51027779,629,NA,5.98,314.7945583,16.81583033,NA,NA,4,NA,NA,NA,NA,NA,NA,4,87.9,0,49.02551776,19,170,HIC,NA,NA,0.023558533,NA,3,0.647,Goal met by deadline,NA,NA,1,30.76923077,65039359,Goal met by deadline,Goal met,HIC,NA,NA,Not captured,0.870285554,EUR,3.16338273,1.550864762,155393171,53996505,0.000706977,45981.35714,NA,0,28617318,0,0,0,50080306,0,0,0.830212749,0.402339128,1.612517968
74,GUF,French Guiana,0,29.566,NA,0,32.673,0.488504681,NA,NA,NA,NA,NA,NA,NA,NA,NA,NA,NA,NA,NA,NA,NA,NA,NA,NA,NA,NA,Other,NA,NA,NA,NA,1,1.494,Goal not yet met,NA,NA,2,NA,298682,Goal met by deadline,Off track,Other,NA,NA,Not captured,NA,AMR,NA,NA,227203,88307,0.000318064,95,NA,43113,131420,NA,NA,141678,229985,NA,NA,0.29565558,NA,NA
75,PYF,French Polynesia,0,65.341,NA,14.24,66.426,0.890281098,NA,NA,15.79,NA,NA,NA,NA,NA,NA,NA,NA,NA,NA,NA,4,NA,NA,NA,1,NA,HIC,NA,NA,NA,NA,1,NA,Goal met by deadline,NA,NA,1,42.10526316,280908,Goal met by deadline,Off track,HIC,NA,NA,Not captured,0.793540304,WPR,NA,0.884417674,344607,183548,0.000261906,73.57142857,NA,0,123600,0,NA,32751,216299,NA,0,0.653409657,0.365193943,NA
76,GAB,Gabon,0,11.466,NA,0,13.518,0.638628629,118,NA,NA,8.445642408,0.531914894,NA,NA,2,NA,NA,NA,NA,NA,NA,1,NA,91.55435759,69.07603379,9,80,UMIC,NA,NA,0.091396883,NA,2,NA,Goal not yet met,NA,NA,3,32.5,2225734,Goal met after deadline,Off track,UMIC,0.7,12/31/2021,Deadline past,0.41087736,AFR,0.582328122,0.402249325,556657,255200,6.19E-05,137.8214286,18574,724123,979323,84023,0,1458615,1713815,417708,818515,0.114658805,0.473948369,0.180078796
77,GMB,Gambia,0,13.165,NA,0,13.708,3.042680894,135,NA,NA,NA,NA,NA,NA,NA,NA,NA,NA,NA,NA,NA,4,NA,NA,24.37543794,7,62,LIC,NA,NA,1.2236029,Yes,2,NA,Goal not yet met,1,NA,2,36.58536585,2416668,Goal met after deadline,Off track,LIC,0.6,12/31/2023,Off track,0.544096927,AFR,0.69446672,0.169279355,363353,318161,1.59E-05,38.5,58456,745173,1063334,654242,0,1542673,1860834,182538,1451742,0.131652755,0.154349956,0.525187365
78,GEO,Georgia,0,29.115,NA,0,32.034,1.01563477,142,NA,22.8,NA,NA,NA,NA,NA,NA,NA,NA,NA,NA,NA,4,92.7,NA,63.60560034,11,60,UMIC,NA,NA,0.16289687,NA,2,0.082,Goal not yet met,NA,NA,3,39.28571429,3989175,Goal met by deadline,Off track,UMIC,NA,NA,Not captured,0.84055993,EUR,0.708929791,0.45091905,2664231,1159220,0.000281754,1123.964286,NA,596017,1755237,0,0,1912445,3071665,243620,1272870,0.290591413,0.143789129,0.258010742
79,DEU,Germany,0.095,76.312,10.596,499.182,76.612,0.539690821,665,NA,3.79,182.7365607,45.2992737,NA,NA,4,NA,NA,NA,NA,NA,NA,4,89.5,0,39.19916,3,176,HIC,NA,NA,0.020886881,NA,3,1.177,Goal met by deadline,NA,NA,1,NA,83166711,Goal met by deadline,Goal met,HIC,NA,NA,Not captured,0.889250484,EUR,3.352785209,1.314263636,172534866,63265015,0.000449683,37398.64286,NA,0,36593353,0,0,773352,64038367,0,0,0.760701178,0.291108124,2.038521573
80,GHA,Ghana,0,19.408,NA,0.019,31.18,0.896279664,145,NA,NA,1.811862389,1.598579041,27,NA,2,89,17,94,100,46,40,4,88.8,98.18813761,68.74539068,11,91,LMIC,NA,NA,0.20289254,Yes,2,0.202,Goal not yet met,1,1,2,44.44444444,31072940,Goal met after deadline,Off track,LMIC,0.72,12/31/2023,Off track,0.513492194,AFR,0.738609526,0.50776,13047826,5807263,0,0,NA,7864831,13672094,0,0,18118901,23926164,975394,8148568,0.186891327,0.494058422,0.230849527
81,GIB,Gibraltar,0,122.944,NA,477.872,124.882,0.566792621,NA,NA,5.77,NA,NA,NA,NA,NA,NA,NA,NA,NA,NA,NA,NA,NA,NA,NA,NA,NA,NA,NA,NA,NA,NA,1,NA,NA,NA,NA,2,NA,NA,NA,NA,NA,NA,NA,NA,NA,NA,NA,NA,NA,NA,NA,NA,NA,NA,NA,NA,NA,NA,NA,NA,NA,NA,NA,NA
82,GRC,Greece,2.025,71.839,4.214,309.332,73.635,0.874298995,629,NA,10.11,988.1895807,4.700045632,NA,NA,5,NA,NA,NA,NA,NA,NA,4,88.6,0,43.59571453,24,174,HIC,NA,NA,0.053502366,NA,3,0.162,Goal met by deadline,NA,NA,1,NA,10718565,Goal met by deadline,Goal met,HIC,NA,NA,Not captured,0.83161229,EUR,3.042634765,1.326458346,20803732,7696732,0.001152666,12354.92857,NA,0,4716169,0,0,556563,8253295,0,0,0.718074854,0.446718567,1.716176419
83,GRL,Greenland,0,67.819,NA,0,72.647,0.175423941,NA,NA,-4.89,NA,NA,NA,NA,NA,NA,NA,NA,NA,NA,NA,NA,NA,NA,NA,9,NA,NA,NA,NA,NA,NA,1,NA,NA,NA,NA,2,NA,NA,NA,NA,NA,NA,NA,NA,NA,NA,NA,NA,NA,NA,NA,NA,NA,NA,NA,NA,NA,NA,NA,NA,NA,NA,NA,NA
84,GRD,Grenada,0,33.936,NA,497.676,38.587,1.437626609,165,NA,NA,NA,NA,NA,NA,NA,NA,NA,NA,NA,NA,NA,4,NA,NA,100,1,93,UMIC,NA,NA,0.081793442,Yes,1,NA,Goal not yet met,1,NA,2,35.29411765,112523,Goal met by deadline,Off track,UMIC,0.4,6/30/2022,Off track,0.569616923,AMR,0.830994552,0.830994552,87824,38186,0.000171394,19.28571429,436,11324,49510,0,0,48457,86643,0,0,0.33936173,0.715291985,0
85,GLP,Guadeloupe,0.25,35.547,NA,640.052,37.031,0.619607123,NA,NA,NA,NA,NA,NA,NA,NA,NA,NA,NA,NA,NA,NA,NA,NA,NA,NA,NA,NA,Other,NA,NA,NA,NA,1,0.343,Goal not yet met,NA,NA,2,NA,400124,Goal met by deadline,Off track,Other,NA,NA,Not captured,NA,AMR,NA,NA,372865,142232,0.000298747,119.5357143,NA,33823,176055,NA,NA,165863,308095,NA,NA,0.355469804,NA,NA
86,GUM,Guam,1.185,82.788,NA,98.356,91.085,0.871743241,NA,NA,NA,NA,NA,NA,NA,NA,NA,NA,NA,NA,NA,NA,NA,NA,NA,NA,NA,NA,HIC,NA,NA,NA,NA,1,0.964,Goal met by deadline,NA,NA,1,NA,168775,Goal met by deadline,Goal met,HIC,NA,NA,Not captured,NA,WPR,NA,NA,339893,139283,0.001694987,286.0714286,NA,0,74261,NA,NA,0,129957,NA,NA,0.82525848,NA,NA
87,GTM,Guatemala,0.636,34.173,NA,16.025,45.33,2.083546715,134,NA,25.35,31.94351418,8.055215796,NA,NA,1,NA,NA,NA,NA,NA,NA,4,94.8,68.05648582,78.66058056,12,67,UMIC,NA,NA,0.17242555,NA,2,0.048,Goal not yet met,NA,NA,2,42.85714286,17915568,Goal met by deadline,Off track,UMIC,NA,NA,Not captured,0.981936285,AMR,0.680875426,0.535580563,16924763,6122216,0.001330822,23842.42857,NA,1760634,7882850,0,0,7672771,13794987,1596717,4199757,0.341726034,0.019349149,0.145294863
88,GGY,Guernsey,3.102,NA,NA,401.75,NA,0.181217784,NA,NA,NA,NA,NA,NA,NA,NA,NA,NA,NA,NA,NA,NA,NA,NA,NA,NA,NA,NA,NA,NA,NA,NA,NA,1,NA,NA,NA,NA,2,NA,NA,NA,NA,NA,NA,NA,NA,NA,NA,NA,NA,NA,NA,NA,NA,NA,NA,NA,NA,NA,NA,NA,NA,NA,NA,NA,NA
89,GIN,Guinea,0,19.118,NA,0,34.09,1.209335413,150,NA,NA,NA,NA,NA,NA,NA,NA,NA,NA,NA,NA,NA,4,97.9,NA,33.31161421,9,73,LIC,NA,NA,0.85808694,Yes,2,1.045,Goal not yet met,1,NA,2,37.93103448,13132795,Goal met after deadline,Off track,LIC,0.4,12/31/2021,Deadline past,1,AFR,0.768378095,0.255959147,6111743,2510700,0.000224297,2945.642857,1194,3267730,5778430,2416971,0,7601552,10112252,21300,6750793,0.191177887,0,0.512418948
90,GNB,Guinea-Bissau,0,17.352,NA,0.559,26.395,2.082065019,162,NA,NA,7.266260163,1.398601399,NA,NA,2,NA,NA,NA,NA,NA,NA,4,NA,92.73373984,41.07153562,9,71,LIC,NA,NA,1.1682439,Yes,1,NA,Goal not yet met,1,NA,2,97.72727273,1968001,Goal met after deadline,Off track,LIC,0.7,12/31/2023,Off track,0.518968329,AFR,0.830687586,0.341176148,562620,341495,0,0,NA,524425,865920,194485,0,1173866,1515361,0,843926,0.173523794,0.328233065,0.489511438
91,GUY,Guyana,0,46.321,NA,7.628,60.313,1.932853793,240,NA,NA,NA,NA,NA,NA,NA,NA,NA,NA,NA,NA,NA,4,NA,NA,56.209541,2,106,UMIC,NA,NA,0.083594747,Yes,1,0.106,Goal met by deadline,1,NA,2,NA,786552,Goal met by deadline,Off track,UMIC,0.8,12/31/2022,Off track,0.943670215,AMR,1.207062597,0.678485339,900472,364336,0.000373829,294.0357143,1428,0,346083,0,0,241309,605645,0,71981,0.463206501,0.076437794,0.528577259
92,HTI,Haiti,0,1.104,NA,0,1.578,2.719603947,100,NA,NA,NA,NA,NA,NA,NA,NA,NA,NA,NA,NA,NA,1,66.3,NA,6.893274846,NA,39,LMIC,NA,NA,0.59249455,Yes,1,NA,Goal not yet met,1,NA,3,55.55555556,11402528,Goal not yet met,Off track,LMIC,NA,NA,Not captured,0.44369281,AMR,0.506101936,0.034887,273442,125895,5.71E-05,650.8928571,NA,4891217,5017112,4619312,0,8654052,8779947,3009106,8382147,0.011040973,0.038815778,0.471214936
93,VAT,Holy See,0,NA,NA,0,NA,0,NA,NA,NA,NA,NA,NA,NA,NA,NA,NA,NA,NA,NA,NA,NA,NA,NA,NA,NA,NA,NA,NA,NA,NA,NA,1,NA,NA,NA,NA,2,NA,NA,NA,NA,NA,NA,NA,NA,NA,NA,NA,NA,NA,NA,NA,NA,NA,NA,NA,NA,NA,NA,NA,NA,NA,NA,NA,NA
94,HND,Honduras,0.02,49.465,NA,7.067,53.427,2.57030898,212,NA,NA,NA,NA,NA,NA,NA,NA,NA,NA,NA,NA,NA,4,96.5,NA,64.1077,3,90,LMIC,NA,NA,0.18815066,Yes,1,NA,Goal met by deadline,1,NA,2,68.29268293,9904607,Goal met by deadline,Off track,LMIC,0.8,10/31/2022,Off track,0.99862437,AMR,1.077200489,0.69056854,12292839,4927978,0.001196957,11855.39286,476,0,4358027,0,0,2698569,7626547,0,786737,0.497544022,0.001899934,0.386631948
95,HUN,Hungary,0,62.805,NA,0,64.92,2.430958386,702,NA,12.33,62.14285714,8.495752124,NA,NA,1,NA,NA,NA,NA,NA,NA,4,82.8,37.85714286,48.62579859,22,233,HIC,NA,NA,0.057255153,NA,3,NA,Goal met by deadline,NA,NA,1,8.333333333,9769526,Goal met by deadline,Off track,HIC,NA,NA,Not captured,0.597406891,EUR,3.459364968,1.682143842,16348519,6134593,0.00131061,12804.03571,NA,0,4298591,0,0,1387942,7522535,0,0,0.627931488,1.354439038,1.777221126
96,ISL,Iceland,0,81.358,NA,64.262,84.037,0.063991912,312,NA,3.78,117.888563,13.68159204,NA,NA,4,NA,NA,NA,NA,NA,NA,4,NA,0,100,25,210,HIC,NA,NA,0.015408829,NA,2,0.005,Goal met by deadline,NA,NA,1,NA,364134,Goal met by deadline,Goal met,HIC,NA,NA,Not captured,0.84368894,EUR,1.47155992,1.47155992,797004,296252,0.000648113,236,NA,0,160219,0,0,0,280383,0,0,0.813579616,0.460042182,0
97,IND,India,0.016,62.566,NA,1.671,72.65,1.215840679,201,NA,NA,29.88034817,0.791075543,NA,NA,2,NA,NA,NA,NA,NA,NA,4,98.1,70.11965183,74.26051782,25,97,LMIC,NA,NA,0.23133186,Yes,3,1.054,Goal met by deadline,1,NA,2,NA,1380004385,Goal met by deadline,Off track,LMIC,0.7,NA,No timeline,1,SEAR,1.013638048,0.752732863,1881699433,854584930,0.001133366,1564050.393,50,0,607201929,0,0,208018446,1062603376,0,23828724,0.619262474,0,0.260905185
98,IDN,Indonesia,0.034,60.48,NA,0.447,72.848,2.585480433,217,NA,NA,41.80766587,0.19938087,NA,1.370071451,2,NA,NA,NA,NA,NA,NA,5,96.7,58.19233413,73.74424888,20,97,LMIC,NA,NA,0.18537366,Yes,3,0.205,Goal met by deadline,1,NA,2,88.88888889,273523615,Goal met by deadline,Off track,LMIC,0.86,12/31/2022,Off track,1,SEAR,1.09425248,0.80694827,398936784,164226406,0.002923563,799663.4643,134,0,120350391,0,0,46386778,210613184,0,0,0.600410338,0,0.28730421
99,IRN,Iran (Islamic Republic of),0.096,68.567,NA,3.43,76.617,1.953955807,219,NA,29.95,55.11054493,0.786363931,NA,NA,2,NA,NA,NA,NA,NA,NA,4,NA,44.88945507,87.94034659,16,117,LMIC,NA,NA,0.061547939,NA,3,0.057,Goal met by deadline,NA,NA,2,38.46153846,83992949,Goal met by deadline,On track,LMIC,NA,NA,Not captured,1,EMR,1.108752724,0.975040988,147854376,57407764,0.000847403,71175.89286,NA,0,36956898,0,0,7266807,64674571,0,0,0.683483134,0,0.133711736
100,IRQ,Iraq,0.005,18.407,NA,1.091,26.218,1.0841438,95,NA,NA,7.726922408,2.445302445,NA,NA,2,NA,NA,NA,NA,NA,NA,4,84.2,92.27307759,50.95667006,12,31,UMIC,NA,NA,0.16006671,NA,2,NA,Goal not yet met,NA,NA,2,56.81818182,40222493,Goal met after deadline,Off track,UMIC,NA,NA,Not captured,1,EMR,0.484640522,0.246956672,18060386,7376481,0.000328202,13201.10714,NA,10321416,17697897,7764684,0,23594839,30971320,11477870,21038107,0.183391939,0,0.23768385
101,IRL,Ireland,0.604,80.316,3.995,87.663,81.226,0.468416534,629,NA,3.93,124.017821,14.30437622,NA,NA,4,NA,NA,NA,NA,NA,NA,4,93,0,39.44912448,16,181,HIC,NA,NA,0.01035998,NA,3,1.989,Goal met by deadline,NA,NA,1,NA,4964440,Goal met by deadline,Goal met,HIC,NA,NA,Not captured,0.969554649,EUR,3.156375644,1.245162596,10750365,3984617,0.001229264,6102.607143,NA,0,2184354,0,0,0,3822619,0,0,0.802631717,0.075818823,1.911213047
102,IMN,Isle of Man,2.352,78.822,NA,257.55,81.772,0.320750062,NA,NA,NA,NA,NA,NA,NA,NA,NA,NA,NA,NA,NA,NA,NA,NA,NA,NA,NA,NA,NA,NA,NA,NA,NA,1,NA,NA,NA,NA,2,NA,NA,NA,NA,NA,NA,NA,NA,NA,NA,NA,NA,NA,NA,NA,NA,NA,NA,NA,NA,NA,NA,NA,NA,NA,NA,NA,NA
103,ISR,Israel,0.046,73.682,1.722,168.874,81.464,0.262361409,554,NA,9.03,NA,NA,NA,NA,NA,NA,NA,NA,NA,NA,NA,5,91.7,NA,40.95616222,16,178,HIC,NA,NA,0.021284003,NA,3,2.52,Goal met by deadline,NA,NA,1,NA,8655541,Goal met by deadline,Goal met,HIC,NA,NA,Not captured,0.852041836,EUR,2.813226868,1.152189794,14999964,6377548,0.003311256,28660.71429,NA,0,3808438,0,0,287219,6664767,0,0,0.736816797,0.340951756,1.661037074
104,ITA,Italy,1.47,79.526,3.943,493.293,84.451,0.97915959,745,NA,12.37,441.1680064,14.38034933,NA,1.371460822,4,NA,NA,NA,NA,NA,NA,4,94,0,31.5971815,26,157,HIC,NA,NA,0.029810414,NA,3,0.245,Goal met by deadline,NA,NA,1,75,59641488,Goal met by deadline,Goal met,HIC,NA,NA,Not captured,1,EUR,3.769798039,1.191149926,135239316,47416275,0.001220342,72783,NA,0,26242255,0,0,0,45923946,0,0,0.795021663,0,2.578648113
105,JAM,Jamaica,0.236,23.152,NA,20.971,26.662,2.273161706,182,NA,14,NA,NA,NA,NA,NA,NA,NA,NA,NA,NA,NA,1,NA,NA,67.7577777,8,105,UMIC,NA,NA,0.14445813,NA,1,2.678,Goal not yet met,NA,NA,2,20.93023256,2961167,Goal met after deadline,Off track,UMIC,NA,NA,Not captured,0.48544897,AMR,0.91497001,0.619963346,1415226,685575,0.00023298,689.8928571,NA,617338,1302913,0,0,1594524,2280099,0,444284,0.231521897,0.638005557,0.295006665
106,JPN,Japan,0.168,80.22,NA,156.235,81.559,0.36808295,668,NA,-0.06,77.26129859,30.47166818,NA,NA,1,NA,NA,NA,NA,NA,NA,5,93.6,22.73870141,35.29906366,17,154,HIC,NA,NA,0.026061129,NA,3,0.451,Goal met by deadline,NA,NA,1,NA,126476461,Goal met by deadline,Goal met,HIC,NA,NA,Not captured,0.973883936,WPR,3.328682639,1.174993804,259734137,100835084,0.006123083,774425.8214,NA,0,55649643,0,0,0,97386875,0,0,0.797263643,0.061372427,2.153688835
107,JEY,Jersey,0.928,74.463,NA,137.296,77.217,0.253832471,NA,NA,NA,NA,NA,NA,NA,NA,NA,NA,NA,NA,NA,NA,NA,NA,NA,NA,NA,NA,NA,NA,NA,NA,NA,1,NA,NA,NA,NA,2,NA,NA,NA,NA,NA,NA,NA,NA,NA,NA,NA,NA,NA,NA,NA,NA,NA,NA,NA,NA,NA,NA,NA,NA,NA,NA,NA,NA
108,JOR,Jordan,0,43.972,NA,0,46.701,0.829377878,128,NA,16.03,25.0122513,1.489028213,NA,NA,2,NA,NA,NA,NA,NA,NA,4,93.7,74.9877487,82.61005103,7,64,UMIC,NA,NA,0.17825766,NA,3,0.002,Goal met after deadline,NA,NA,3,51.28205128,10203134,Goal met by deadline,Off track,UMIC,NA,NA,Not captured,1,EMR,0.645769721,0.533470696,9896497,4484687,0.000241809,2467.214286,NA,4692,4489379,0,0,3371726,7856413,1267538,2413340,0.439540145,0,0.112299025
109,KAZ,Kazakhstan,0.005,53.776,NA,0.581,55.89,1.363363566,140,12,29.42,NA,NA,NA,NA,NA,NA,NA,NA,NA,NA,NA,5,78.8,NA,86.52878922,4,63,UMIC,NA,NA,0.077203028,NA,2,NA,Goal met by deadline,NA,NA,2,9.523809524,18776707,Goal met by deadline,Off track,UMIC,NA,NA,Not captured,1,EUR,0.708136389,0.61274184,24053929,10063229,0.001801634,33828.75,NA,0,8261751,0,0,4394835,14458064,1161594,2952790,0.535942165,0,0.095394549
110,KEN,Kenya,0,15.465,NA,0.177,21.78,1.74415912,117,NA,NA,4.472671142,0.706860707,59,NA,2,89,23,NA,NA,57,NA,4,87.9,95.52732886,50.2231129,16,73,LMIC,NA,NA,0.22268818,Yes,2,1.899,Goal not yet met,1,NA,2,47.91666667,53771296,Goal met after deadline,Off track,LMIC,0.6,12/31/2022,Off track,0.651260214,AFR,0.600221585,0.301449959,17871145,9079472,0.000146794,7893.321429,5440,14579898,23659370,7450015,0,32324426,41403898,9129206,25194543,0.168853509,0.210255189,0.298771625
111,KIR,Kiribati,0,48.716,NA,4.186,66.777,0.420848171,215,NA,NA,NA,NA,NA,NA,NA,NA,NA,NA,NA,NA,NA,5,NA,NA,79.36507937,NA,107,LMIC,NA,NA,0.25406313,Yes,1,NA,Goal met after deadline,1,NA,2,NA,119449,Goal met after deadline,Off track,LMIC,1,1/1/2023,Off track,0.796695652,WPR,1.091763012,0.866478581,144216,58191,0.001892021,226,447,0,52558,0,0,33785,91976,0,0,0.487161885,0.352317726,0.225284431
112,XKX,Kosovo[1],0,45.751,NA,3.397,50.246,1.371322353,NA,NA,NA,NA,NA,NA,NA,NA,NA,NA,NA,NA,NA,NA,4,NA,NA,NA,NA,NA,UMIC,NA,NA,NA,Yes,2,1.03,Goal met by deadline,1,NA,2,NA,1795666,Goal met by deadline,Off track,UMIC,0.9,12/31/2022,Off track,0.857298246,EUR,NA,0.687979836,1871106,840498,0.001095773,1967.642857,743,0,790093,0,NA,542165,1382663,NA,147281,0.468070343,0.196351939,NA
113,KWT,Kuwait,0,77.226,NA,3.348,80.111,0.404337409,203,NA,43.64,NA,NA,NA,NA,NA,NA,NA,NA,NA,NA,NA,4,98.7,NA,100.3784139,9,118,HIC,NA,NA,0.037984528,NA,2,0.029,Goal met by deadline,NA,NA,1,6.976744186,4270571,Goal met by deadline,Goal met,HIC,NA,NA,Not captured,1,EMR,1.022466317,1.026335354,7969160,3294466,0.000963973,4116.714286,NA,0,1879051,0,0,0,3288340,0,0,0.771434546,0,0
114,KGZ,Kyrgyzstan,0,18.871,NA,0,21.537,1.488111526,156,NA,21.17,NA,NA,NA,NA,NA,NA,NA,NA,NA,NA,NA,4,64.4,NA,58.27140871,2,69,LMIC,NA,NA,0.39975506,Yes,2,NA,Goal not yet met,1,NA,2,NA,6524191,Goal met after deadline,Off track,LMIC,0.7,7/30/2022,Off track,0.556226613,EUR,0.791506411,0.461221935,2745663,1224731,0.000546619,3566.25,1826,1645913,2870644,0,0,3798896,5023627,0,2014527,0.187721512,0.409356041,0.330284475
115,LAO,Lao People's Democratic Republic,0.069,63.429,NA,12.741,77.935,0.359172321,248,NA,NA,NA,NA,NA,NA,NA,NA,NA,NA,NA,NA,NA,5,99.1,NA,96.48609943,NA,109,LMIC,NA,NA,0.18647096,Yes,2,0.006,Goal met by deadline,1,NA,3,27.86885246,7275560,Goal met by deadline,On track,LMIC,0.8,12/31/2022,On track,0.72714629,WPR,1.19564604,1.15363216,10527679,4614786,0.005393841,39243.21429,35,0,3201246,0,0,987395,5602181,0,0,0.634286021,0.629545629,0.042013879
116,LVA,Latvia,1.101,66.463,12.677,99.912,68.159,0.700979917,640,NA,12.19,151.7497349,8.874912648,NA,NA,4,NA,NA,NA,NA,NA,NA,4,NA,0,41.55522119,24,181,HIC,NA,NA,0.054291695,NA,2,NA,Goal met by deadline,NA,NA,1,15.15151515,1907675,Goal met by deadline,Off track,HIC,NA,NA,Not captured,0.666414029,EUR,3.1302659,1.300788656,2811093,1266212,0.00042754,815.6071429,NA,0,839377,0,0,202698,1468910,0,0,0.663746183,0.86784987,1.829477243
117,LBN,Lebanon,0.147,34.449,NA,6.564,39.225,0.947432874,91,NA,30.18,NA,NA,NA,NA,NA,NA,NA,NA,NA,NA,NA,4,88.9,NA,105.5012449,10,59,UMIC,NA,NA,NA,NA,3,0.009,Goal not yet met,NA,NA,2,70.73170732,6825445,Goal met by deadline,Off track,UMIC,NA,NA,Not captured,1,EMR,0.4279058,0.451446023,5602400,2351269,0.000229995,1569.821429,NA,651927,3003196,0,82548,2904324,5255593,2334946,2174273,0.344485817,0,0
118,LSO,Lesotho,0,76.408,NA,0.654,43.591,2.102500679,173,NA,NA,18.11391223,0.773195876,NA,NA,2,NA,NA,NA,NA,NA,NA,4,NA,81.88608777,47.5700509,8,129,LMIC,NA,NA,0.41229126,Yes,1,NA,Goal not yet met,1,NA,2,53.48837209,2142249,Goal met by deadline,Off track,LMIC,0.5,12/31/2022,Off track,0.625864545,AFR,0.871280836,0.414468626,933825,735610,0.000254839,545.9285714,866,206980,942590,54695,0,913922,1649532,0,761637,0.343382119,0.310134816,0.45681221
119,LBR,Liberia,0,28.435,NA,0,34.631,3.95480226,128,NA,NA,NA,NA,NA,NA,NA,NA,NA,NA,NA,NA,NA,5,NA,NA,30.48440186,3,63,LIC,NA,NA,1.425066,Yes,1,NA,Goal not yet met,1,NA,2,21.81818182,5057681,Goal met after deadline,Off track,LIC,0.7,12/31/2022,Off track,1,AFR,0.655409268,0.199797496,1837296,1438154,0.00426915,21592,180,787226,2225380,1214868,0,2456260,3894414,579563,2883902,0.284350476,0,0.455611771
120,LBY,Libya,0,16.611,NA,0.044,32.238,1.281083203,135,NA,NA,5.501382623,0.529100529,NA,NA,2,NA,NA,NA,NA,NA,NA,4,71.9,94.49861738,69.16278343,12,71,UMIC,NA,NA,0.19249818,NA,1,NA,Goal not yet met,NA,NA,2,NA,6871292,Goal met after deadline,Off track,UMIC,NA,NA,Not captured,0.630879188,EMR,0.684428052,0.473369492,3453539,1141034,0.000128968,886.1785714,NA,1882334,3023368,0,0,4149861,5290895,587990,2038235,0.166058145,0.349461062,0.211058561
121,LIE,Liechtenstein,0,67.995,NA,46.455,68.86,0.482951239,NA,NA,8.62,NA,NA,NA,NA,NA,NA,NA,NA,NA,NA,NA,NA,NA,NA,NA,NA,NA,NA,NA,NA,NA,NA,1,7.351,NA,NA,NA,2,NA,NA,NA,NA,NA,NA,NA,NA,NA,NA,NA,NA,NA,NA,NA,NA,NA,NA,NA,NA,NA,NA,NA,NA,NA,NA,NA,NA
122,LTU,Lithuania,0.465,67.956,NA,38.045,69.93,0.860798964,629,NA,20.89,54.66568699,9.139784946,NA,0.388763763,1,NA,NA,NA,NA,NA,NA,4,82.6,45.33431301,54.23123784,16,225,HIC,NA,NA,0.047332525,NA,2,1.935,Goal met by deadline,NA,NA,1,NA,2794090,Goal met by deadline,Off track,HIC,NA,NA,Not captured,0.586298437,EUR,3.027373671,1.641782119,4461581,1898123,0.000172328,481.5,NA,0,1229400,0,0,253326,2151449,0,0,0.679334953,1.358415656,1.385591552
123,LUX,Luxembourg,0,73.736,NA,362.238,74.893,0.442859512,629,NA,0,300.6389776,25.07970244,NA,NA,4,NA,NA,NA,NA,NA,NA,5,NA,0,46.35658418,14,177,HIC,NA,NA,0.00807911,NA,3,8.582,Goal met by deadline,NA,NA,1,NA,626108,Goal met by deadline,Goal met,HIC,NA,NA,Not captured,0.776791908,EUR,3.188405994,1.478035738,1252620,461547,0.001530259,958.1071429,NA,0,275488,0,0,20556,482103,0,0,0.737168348,0.659819073,1.710370256
124,MDG,Madagascar,0,4.178,NA,0,4.661,2.167308082,101,NA,NA,1.58174136,2.739726027,NA,NA,2,NA,NA,NA,NA,NA,NA,4,74.9,98.41825864,16.1750489,8,47,LIC,NA,NA,2.0100987,Yes,2,NA,Goal not yet met,1,NA,3,61.2244898,27691018,Goal not yet met,Off track,LIC,0.505,6/30/2023,Off track,0.587363181,AFR,0.518712115,0.083901935,2264611,1051811,0.001206843,33418.71429,770,11132237,12184048,9860718,0,20270273,21322084,6958418,18998754,0.037983833,0.069242055,0.434810179
125,MWI,Malawi,0,4.75,NA,0.12,8.346,3.06953654,101,NA,NA,1.406168322,1.486988848,NA,NA,2,NA,NA,NA,NA,NA,NA,4,NA,98.59383168,24.53837638,16,59,LIC,NA,NA,1.771657,Yes,2,0.189,Goal not yet met,1,NA,2,50,19129952,Goal not yet met,Off track,LIC,0.7,6/30/2023,Off track,0.522882894,AFR,0.517504722,0.12698725,2054585,908688,4.53E-05,865.7857143,28040,7508491,8417179,5987919,0,13821375,14730063,4830222,12300803,0.047500799,0.121175578,0.390517472
126,MYS,Malaysia,0.102,82.472,NA,28.987,85.779,0.798023902,289,NA,0.45,NA,NA,NA,NA,NA,NA,NA,NA,NA,NA,NA,4,99,NA,89.5964517,2,146,UMIC,NA,NA,0.070402086,NA,2,0.318,Goal met by deadline,NA,NA,2,48.14814815,32365999,Goal met by deadline,Goal met,UMIC,NA,NA,Not captured,0.918515313,WPR,1.463826885,1.311536962,69490647,26138480,0.001181127,38228.35714,NA,0,14241040,0,0,0,24921819,0,0,0.807590707,0.213740358,0.152289923
127,MDV,Maldives,0,71.026,NA,4.255,73.737,0.166096291,402,NA,14.41,NA,NA,NA,NA,NA,NA,NA,NA,NA,NA,NA,4,NA,NA,55.60991475,4,118,UMIC,NA,NA,0.065820158,Yes,1,0.276,Goal met by deadline,1,NA,3,15,540544,Goal met by deadline,Goal met,UMIC,0.9,6/1/2022,Off track,0.875200376,SEAR,2.019271327,1.122915063,941070,383925,0.000275648,149,1278,0,237839,0,0,32294,416219,0,0,0.710256704,0.280278756,0.896356263
128,MLI,Mali,0.005,5.309,NA,0.464,7.11,2.369331222,125,NA,NA,2.696163152,2.380952381,NA,NA,2,86,29,86,100,100,NA,4,79.8,97.30383685,17.54360461,15,42,LIC,NA,NA,1.0375297,Yes,2,NA,Goal not yet met,1,4,3,NA,20250833,Goal not yet met,Off track,LIC,0.47,12/31/2022,Off track,0.54178583,AFR,0.635205179,0.111437885,1993965,1063605,0.000135361,2741.178571,6036,7846762,8910367,6653657,0,14529536,15593141,2729707,13336431,0.052521543,0.102124836,0.523767294
129,MLT,Malta,2.138,86.23,1.938,191.813,87.419,0.762751068,629,NA,5.22,NA,NA,NA,NA,NA,NA,NA,NA,NA,NA,NA,4,NA,NA,47.72901102,12,203,HIC,NA,NA,0.033153594,NA,1,NA,Goal met by deadline,NA,NA,1,NA,514564,Goal met by deadline,Goal met,HIC,NA,NA,Not captured,1,EUR,2.70604434,1.29156723,1206531,443462,0.000535544,275.5714286,NA,0,226408,0,0,0,396214,0,0,0.861820881,0,1.414477111
130,MHL,Marshall Islands,0,45.43,NA,0,56.197,0,111,NA,NA,NA,NA,NA,NA,NA,NA,NA,NA,NA,NA,NA,NA,NA,NA,NA,NA,NA,UMIC,NA,NA,0.18053696,No,1,NA,Goal met after deadline,1,NA,2,NA,59194,Goal met by deadline,Off track,UMIC,NA,NA,Not captured,NA,WPR,0.549962834,NA,60535,25623,0.002421819,143.3571429,NA,422,26045,NA,0,19956,45579,13024,NA,0.432864817,NA,NA
131,MTQ,Martinique,0,38.128,NA,538.819,39.52,0.596127122,NA,NA,NA,NA,NA,NA,NA,NA,NA,NA,NA,NA,NA,NA,NA,NA,NA,NA,NA,NA,Other,NA,NA,NA,NA,2,0.511,NA,NA,NA,2,NA,NA,NA,NA,Other,NA,NA,Not captured,NA,AMR,NA,NA,NA,NA,NA,NA,NA,NA,NA,NA,NA,NA,NA,NA,NA,NA,NA,NA
132,MRT,Mauritania,0,22.973,NA,1.183,33.703,1.671688542,96,NA,NA,4.021505376,0,NA,NA,2,NA,NA,NA,NA,NA,NA,4,82.1,95.97849462,98.45165518,13,76,LMIC,NA,NA,0.22653243,Yes,1,NA,Goal not yet met,1,NA,2,53.33333333,4649658,Goal met by deadline,Off track,LMIC,0.664,12/31/2023,Off track,0.689351639,AFR,0.491278713,0.483672132,2650797,1068149,0,0,NA,977701,2045850,0,0,2512088,3580237,1295959,1331327,0.229726358,0.300503844,0.007606581
133,MUS,Mauritius,0,75.757,NA,0,78.668,0.446941413,434,NA,4.72,NA,NA,NA,NA,NA,NA,NA,NA,NA,NA,NA,5,NA,NA,55.70387557,1,208,UMIC,NA,NA,0.12218932,NA,1,0.42,Goal met by deadline,NA,NA,1,0,1271768,Goal met by deadline,Goal met,UMIC,NA,NA,Not captured,1,AFR,2.094738978,1.166851187,2698115,963452,0.002165517,2754.035714,NA,0,559578,0,0,15809,979261,0,0,0.757568991,0,0.927887791
134,MYT,Mayotte,0,NA,NA,0,NA,0.500495142,NA,NA,NA,NA,NA,NA,NA,NA,NA,NA,NA,NA,NA,NA,NA,NA,NA,NA,NA,NA,NA,NA,NA,NA,NA,1,1.125,NA,NA,NA,2,NA,NA,NA,NA,NA,NA,NA,NA,NA,NA,NA,NA,NA,NA,NA,NA,NA,NA,NA,NA,NA,NA,NA,NA,NA,NA,NA,NA
135,MEX,Mexico,0,62.007,NA,0,66.544,5.650733142,239,NA,39.17,4.873073612,15.83638389,NA,NA,1,NA,NA,NA,NA,NA,NA,5,96.6,95.12692639,78.26873481,22,111,UMIC,NA,NA,0.078576237,NA,3,1.47,Goal met by deadline,NA,NA,2,81.25,128932753,Goal met by deadline,Off track,UMIC,NA,NA,Not captured,0.913957788,AMR,1.208374667,0.945779557,198511220,79947470,0.001686495,217444.3929,NA,0,56730411,0,0,19330750,99278220,0,0,0.620071069,0.162753932,0.26259511
136,FSM,Micronesia (Federated States of),0,48.617,NA,0,57.494,0,110,NA,NA,NA,NA,NA,NA,NA,NA,NA,NA,NA,NA,NA,NA,NA,NA,NA,NA,NA,LMIC,NA,NA,0.12699664,Yes,1,NA,Goal met after deadline,1,NA,2,NA,115023,Goal met by deadline,Off track,LMIC,NA,NA,Not captured,NA,WPR,0.547881728,NA,117839,54305,0.003472597,399.4285714,NA,0,50610,NA,0,34263,88568,25549,NA,0.472122967,NA,NA
137,MCO,Monaco,0,65.404,NA,392.417,73.578,0.477987421,181,NA,12.44,NA,NA,NA,NA,NA,NA,NA,NA,NA,NA,NA,5,NA,NA,99.99860444,NA,82,HIC,NA,NA,NA,NA,1,0.282,Goal met by deadline,NA,NA,1,NA,39244,Goal met by deadline,Off track,HIC,NA,NA,Not captured,1,EUR,0.912942106,0.912954847,65140,25667,0.004024273,157.9285714,NA,0,17267,0,0,4551,30218,0,0,0.654036286,0,0
138,MNG,Mongolia,0,66.364,NA,0,69.334,0.229153295,254,NA,1.38,NA,NA,NA,NA,NA,NA,NA,NA,NA,NA,NA,4,NA,NA,71.584544,NA,124,LMIC,NA,NA,0.11697415,Yes,1,0.031,Goal met by deadline,1,NA,2,NA,3278290,Goal met by deadline,Off track,LMIC,0.41,NA,Goal met,1,WPR,1.287778995,0.921850721,5605779,2175286,0.000165504,542.5714286,0,0,1442448,0,0,348997,2524283,0,0,0.663542884,0,0.365928274
139,MNE,Montenegro,0.478,40.59,NA,79.451,44.45,1.152296535,177,NA,21.49,NA,NA,NA,NA,NA,NA,NA,NA,NA,NA,NA,4,NA,NA,95.45782264,0,93,UMIC,NA,NA,0.088621549,NA,2,0.62,Goal met after deadline,NA,NA,2,NA,628062,Goal met by deadline,Off track,UMIC,NA,NA,Not captured,0.599281533,EUR,0.883352281,0.843228853,528839,252418,6.44E-05,40.46428571,NA,23929,276347,0,0,231190,483608,0,0,0.401899812,0.675794746,0.040123427
140,MSR,Montserrat,0,36.587,NA,4720.944,37.968,0.442477876,NA,NA,NA,NA,NA,NA,NA,NA,NA,NA,NA,NA,NA,NA,4,NA,NA,NA,NA,NA,Other,NA,NA,NA,NA,1,0.481,Goal not yet met,NA,NA,2,NA,4999,Goal met by deadline,Off track,Other,NA,NA,Not captured,1,AMR,NA,0.466093219,4237,1829,0.000114309,0.571428571,NA,371,2200,0,NA,2020,3849,NA,1519,0.365873175,0,NA
141,MAR,Morocco,0.003,63.36,NA,0.631,67.48,1.379155274,262,NA,NA,20.99103248,0.5937016,NA,NA,2,NA,NA,NA,NA,NA,NA,4,89.3,79.00896752,61.24790836,19,101,LMIC,NA,NA,0.14106257,Yes,3,NA,Goal met by deadline,1,NA,2,44.44444444,36910560,Goal met by deadline,Off track,LMIC,NA,NA,Not captured,1,EMR,1.324158073,0.811019123,54427583,23380122,0.000145184,5358.821429,NA,0,16240646,0,0,5041009,28421131,0,0,0.633426369,0,0.51313895
142,MOZ,Mozambique,0,38.244,NA,0.125,40.994,0.976373621,215,NA,NA,1.526155815,1.467505241,NA,NA,2,NA,NA,NA,NA,NA,NA,5,95.5,98.47384418,43.81945121,16,90,LIC,NA,NA,2.0362685,Yes,1,1.352,Goal met after deadline,1,NA,2,57.44680851,31255435,Goal met after deadline,Off track,LIC,0.76,6/30/2022,Off track,1,AFR,1.108335078,0.485666349,31616078,13891137,0.005929235,185320.8214,101,0,13752391,0,0,10175548,24066685,0,8886972,0.444439087,0,0.622668729
143,MMR,Myanmar,0,43.147,NA,0.255,56.309,3.17003587,257,NA,NA,16.89027752,0.239390642,NA,NA,2,NA,NA,NA,NA,NA,NA,5,92.2,83.10972248,43.44030711,16,78,LMIC,NA,NA,0.39283651,Yes,2,0.031,Goal met after deadline,1,NA,2,NA,54409800,Goal met after deadline,Off track,LMIC,0.7,8/31/2022,Off track,0.979378265,SEAR,1.293020825,0.561692214,53750345,22863979,0.00291036,158352.1071,150,1076333,23940312,0,0,19031567,41895546,0,11333985,0.420218031,0.023166136,0.731328612
144,NAM,Namibia,0.039,16.065,NA,9.485,18.855,2.531247642,73,NA,NA,26.1707989,10.07518797,NA,NA,1,NA,NA,NA,NA,NA,NA,4,NA,73.8292011,90.57603599,15,46,UMIC,NA,NA,0.16687049,NA,1,NA,Goal not yet met,NA,NA,2,NA,2540905,Goal met after deadline,Off track,UMIC,0.6,3/31/2022,Deadline past,0.585744046,AFR,0.373353785,0.338168881,834756,395625,0,0,NA,722373,1117998,258743,169342,1560872,1956497,1007840,1097242,0.155702397,0.280176945,0.035184905
145,NRU,Nauru,0,79.241,NA,0,87.355,0,232,NA,NA,NA,NA,NA,NA,NA,NA,NA,NA,NA,NA,NA,5,NA,NA,100,NA,91,HIC,NA,NA,0.10463396,NA,1,NA,Goal met by deadline,NA,NA,1,NA,10834,Goal met by deadline,Goal met,HIC,NA,NA,Not captured,1,WPR,1.166420528,1.166420528,22976,8585,0.010453203,113.25,NA,0,4767,0,0,0,8342,0,0,0.792412775,0,0
146,NPL,Nepal,0.003,67.256,NA,0.364,76.414,1.220909921,290,NA,NA,7.560833305,0.635497049,NA,NA,2,NA,NA,NA,NA,NA,NA,5,98,92.4391667,61.65932067,21,109,LMIC,NA,NA,0.41751945,Yes,3,0.519,Goal met after deadline,1,NA,2,11.86440678,29136808,Goal met by deadline,On track,LMIC,0.88,4/13/2022,Deadline past,0.985358759,SEAR,1.401303448,0.86403418,44578165,19494453,0.001782663,51941.10714,184,0,12820196,0,0,2940889,22435342,0,0,0.669066186,0.025301066,0.537269268
147,NLD,Netherlands,0.098,71.258,1.805,44.216,77.347,0.276381598,629,NA,7.98,NA,NA,NA,NA,NA,NA,NA,NA,NA,NA,NA,5,86.8,NA,44.40733929,14,183,HIC,NA,NA,0.018380009,NA,3,0.464,Goal met by deadline,NA,NA,1,NA,17407585,Goal met by deadline,Goal met,HIC,NA,NA,Not captured,0.847000024,EUR,3.102319104,1.377657383,35828643,12401820,0.003683025,64112.57143,NA,0,7659337,0,0,1002020,13403840,0,0,0.71243771,0.421563094,1.724661721
148,NCL,New Caledonia,0,63.046,NA,81.262,65.886,0.512441488,NA,NA,-5.43,NA,NA,NA,NA,NA,NA,NA,NA,NA,NA,NA,4,NA,NA,NA,12,NA,HIC,NA,NA,NA,NA,2,0.003,Goal met by deadline,NA,NA,1,NA,285498,Goal met by deadline,Off track,HIC,NA,NA,Not captured,1,WPR,NA,0.884857337,458300,179994,2.69E-05,7.678571429,NA,0,125619,0,NA,39839,219833,NA,0,0.630456255,0,NA
149,NZL,New Zealand,2.053,84.447,NA,1091.279,88.428,0.081794482,723,NA,-2.74,71.71298217,100,NA,NA,1,NA,NA,NA,NA,NA,NA,4,94,28.28701783,34.59230788,24,199,HIC,NA,NA,0.021940479,NA,3,0.418,Goal met by deadline,NA,NA,1,NA,4822233,Goal met by deadline,Goal met,HIC,NA,NA,Not captured,1,WPR,3.641530905,1.259689443,10992499,4054003,0.001499424,7230.571429,NA,0,2121783,0,0,0,3713119,0,0,0.840689987,0,2.381841462
150,NIC,Nicaragua,0.015,70.509,NA,0.408,86.142,1.629454999,170,NA,40.68,NA,NA,NA,NA,NA,NA,NA,NA,NA,NA,NA,5,95.2,NA,103.7375762,NA,76,LMIC,NA,NA,0.2391676,Yes,1,NA,Goal met by deadline,1,NA,2,1.612903226,6624554,Goal met after deadline,Goal met,LMIC,NA,NA,Not captured,1,AMR,0.830538629,0.861580719,10377431,4670937,0.002015715,13353.21429,NA,0,2914804,0,0,429970,5100907,0,0,0.705094562,0,0
151,NER,Niger,0,6.4,NA,0.178,9.05,3.438682395,131,NA,NA,0.764241748,2.702702703,NA,NA,2,NA,NA,NA,NA,NA,NA,4,NA,99.23575825,18.35760619,12,57,LIC,NA,NA,1.6109799,Yes,1,NA,Goal not yet met,1,NA,3,33.33333333,24206644,Goal not yet met,Off track,LIC,0.428,12/31/2022,Off track,0.545843386,AFR,0.679511233,0.124741992,2692524,1549279,7.82E-06,189.3928571,89659,9101644,10650923,7631338,0,17089837,18639116,2190430,15619531,0.064002222,0.113304802,0.55476924
152,NGA,Nigeria,0,7.728,NA,0.006,13.293,1.228857628,120,NA,NA,1.886096827,0,NA,NA,2,NA,NA,NA,NA,NA,NA,4,85.7,98.11390317,30.49805165,9,68,LMIC,NA,NA,0.21541332,Yes,3,2.561,Goal not yet met,1,NA,2,NA,206139589,Goal not yet met,Off track,LMIC,0.363,12/31/2022,Off track,0.598244062,AFR,0.612935876,0.186933501,38399067,14905142,0.000933954,192524.9286,567,75796277,90701419,52167024,0,143822342,158727484,32377134,120193089,0.072306062,0.150203288,0.426002375
153,NIU,Niue,0,87.577,NA,0,101.978,0,NA,NA,NA,NA,NA,NA,NA,NA,NA,NA,NA,NA,NA,NA,NA,NA,NA,NA,NA,NA,Other,NA,NA,NA,NA,1,NA,NA,NA,NA,2,NA,NA,NA,NA,Other,NA,NA,Not captured,NA,WPR,NA,NA,NA,NA,NA,NA,NA,NA,NA,NA,NA,NA,NA,NA,NA,NA,NA,NA
154,MKD,North Macedonia,0.192,40.289,NA,27.935,41.099,2.993486812,208,NA,35.98,NA,NA,NA,NA,NA,NA,NA,NA,NA,NA,NA,4,NA,NA,51.54707088,5,81,UMIC,NA,NA,0.11669122,NA,2,NA,Goal met after deadline,NA,NA,2,NA,2083380,Goal met by deadline,Off track,UMIC,NA,NA,Not captured,0.925509342,EUR,1.040849485,0.536527182,1845493,836358,0.000155517,324,NA,80329,916687,0,0,767845,1604203,0,486413,0.401442848,0.079932562,0.504322303
155,MNP,Northern Mariana Islands (Commonwealth of the),0,75.734,NA,31.273,77.336,0.301391721,NA,NA,NA,NA,NA,NA,NA,NA,NA,NA,NA,NA,NA,NA,NA,NA,NA,NA,NA,NA,HIC,NA,NA,NA,NA,1,3.146,Goal met by deadline,NA,NA,1,NA,57557,Goal met by deadline,Goal met,HIC,NA,NA,Not captured,NA,WPR,NA,NA,105295,42880,0.003508323,201.9285714,NA,0,25325,NA,NA,1439,44319,NA,NA,0.745000608,NA,NA
156,NOR,Norway,0,75.211,1.298,21.779,80.724,0.210580589,275,NA,2,NA,NA,NA,NA,NA,NA,NA,NA,NA,NA,NA,4,92.1,NA,101.8517076,15,121,HIC,NA,NA,0.012898169,NA,3,1.896,Goal met by deadline,NA,NA,1,NA,5367580,Goal met by deadline,Goal met,HIC,NA,NA,Not captured,0.850209447,EUR,1.375167673,1.40063157,11280153,4035752,0.000154599,829.8214286,NA,0,2361735,0,0,97285,4133037,0,0,0.751875519,0.419602782,0
157,PSE,"occupied Palestinian territory, including east Jerusalem",0,34.668,NA,2.607,39.24,0.860782145,255,NA,9.28,NA,NA,NA,NA,NA,NA,NA,NA,NA,NA,NA,4,76.8,NA,44.14282926,12,74,LMIC,NA,NA,NA,Yes,2,NA,Goal not yet met,1,NA,2,28.57142857,5101414,Goal met by deadline,Off track,LMIC,NA,NA,Not captured,0.731419879,EMR,1.307750753,0.577278182,3718981,1768549,0.000141893,723.8571429,NA,476073,2244622,0,0,2159540,3928089,0,983154,0.346678195,0.310090889,0.730472571
158,OMN,Oman,0.02,59.293,NA,2.879,63.823,1.094090779,148,NA,20.57,NA,NA,NA,NA,NA,NA,NA,NA,NA,NA,NA,4,98.9,NA,100.0000129,1,76,HIC,NA,NA,0.060161121,NA,3,NA,Goal met by deadline,NA,NA,1,18.75,5106626,Goal met by deadline,Off track,HIC,NA,NA,Not captured,1,EMR,0.757161872,0.757161774,7030077,3027855,0.000426141,2176.142857,NA,0,2246915,0,0,904247,3932102,65560,65560,0.592926719,0,9.79E-08
159,PAK,Pakistan,0,54.462,NA,0,64.481,1.987557233,120,NA,NA,8.961845608,0.262679329,NA,NA,2,NA,NA,NA,NA,NA,NA,5,97.2,91.03815439,100.1948674,18,83,LMIC,NA,NA,NA,Yes,3,0.362,Goal met after deadline,1,NA,2,37.5,220892340,Goal met by deadline,Off track,LMIC,0.65,6/30/2022,Off track,1,EMR,0.611774249,0.612966398,252694715,120172202,0.002315253,511421.6429,48,0,97192630,0,0,49914900,170087102,34950856,34687520,0.544030644,0,0
160,PLW,Palau,0,99.143,NA,674.331,111.519,0.126796281,261,NA,NA,NA,NA,NA,NA,NA,NA,NA,NA,NA,NA,NA,4,NA,NA,13.11836147,NA,NA,HIC,NA,NA,0.089631081,NA,1,0.342,Goal met by deadline,NA,NA,1,NA,18092,Goal met by deadline,Goal met,HIC,NA,NA,Not captured,1,WPR,1.306157418,0.171346451,46973,17926,0.000756056,13.67857143,NA,0,7960,4860,0,0,13931,0,10831,0.990824674,0,1.134810966
161,PAN,Panama,0.185,71.251,NA,241.867,80.287,1.041105361,289,NA,19.42,220.9501738,20.13845186,NA,NA,4,NA,NA,NA,NA,NA,NA,4,94.3,0,69.97116151,14,124,UMIC,NA,NA,0.076530941,NA,3,0.378,Goal met by deadline,NA,NA,1,62.5,4314767,Goal met by deadline,Goal met,UMIC,NA,NA,Not captured,1,AMR,1.46787764,1.027090918,8057560,3074298,0.000928464,4006.107143,NA,0,1898497,0,0,248073,3322371,0,0,0.712506145,0,0.440786722
162,PNG,Papua New Guinea,0.011,2.951,NA,0.112,3.614,1.485385721,102,NA,NA,NA,NA,NA,NA,NA,NA,NA,NA,NA,NA,NA,1,NA,NA,13.79043862,1,45,LMIC,NA,NA,0.16585478,Yes,1,3.169,Goal not yet met,1,NA,3,83.33333333,8947024,Goal not yet met,Off track,LMIC,0.2,12/31/2022,Off track,0.442642582,WPR,0.521820719,0.071961358,441214,263995,7.34E-05,657.0357143,4553,3672696,3936691,3292851,0,6625213,6889208,2220466,6245368,0.029506459,0.080216394,0.449859361
163,PRY,Paraguay,0.028,47.284,NA,3.687,54.56,2.904644784,181,NA,31.76,NA,NA,NA,NA,NA,NA,NA,NA,NA,NA,NA,4,90.2,NA,75.45567448,10,90,UMIC,NA,NA,0.15576088,NA,1,0.002,Goal met by deadline,NA,NA,2,58.53658537,7132538,Goal met by deadline,Off track,UMIC,NA,NA,Not captured,1,AMR,0.881114829,0.664851137,8608547,3372582,0.000680748,4855.464286,NA,0,3138317,0,0,2119472,5492054,0,749978,0.472844589,0,0.216263692
164,PER,Peru,0.331,81.448,NA,12.353,88.29,5.965636089,472,NA,77.1,137.8199685,1.49641301,NA,NA,5,NA,NA,NA,NA,NA,NA,5,96.7,0,50.41464387,11,161,UMIC,NA,NA,0.11730662,NA,3,0.795,Goal met by deadline,NA,NA,3,91.66666667,32971854,Goal met by deadline,Goal met,UMIC,NA,NA,Not captured,1,AMR,2.385964632,1.20287558,71960239,26854796,0.004855104,160081.7857,NA,0,14507616,0,0,0,25388328,0,0,0.814476371,0,1.183089052
165,PHL,Philippines,0.038,62.463,NA,1.026,66.794,1.639237997,290,NA,17.33,16.01007474,0.934792522,NA,NA,2,NA,NA,NA,NA,NA,NA,5,96.8,83.98992526,74.70063871,16,139,LMIC,NA,NA,0.14020337,Yes,2,0.194,Goal met by deadline,1,NA,2,93.33333333,109581078,Goal met by deadline,Off track,LMIC,0.8,6/30/2022,Off track,0.707114249,WPR,1.467405262,1.0961611,145851324,68060579,0.001507656,165210.5357,208,0,48215674,0,0,16316851,84377430,0,0,0.621097914,0.642099934,0.371244162
166,PCN,Pitcairn Islands,0,74,NA,0,92,NA,NA,NA,NA,NA,NA,NA,NA,NA,NA,NA,NA,NA,NA,NA,NA,NA,NA,NA,NA,NA,NA,NA,NA,NA,NA,1,NA,NA,NA,NA,2,NA,NA,NA,NA,NA,NA,NA,NA,NA,NA,NA,NA,NA,NA,NA,NA,NA,NA,NA,NA,NA,NA,NA,NA,NA,NA,NA,NA
167,POL,Poland,0.208,59.139,NA,9.655,59.925,1.935439789,629,NA,17.32,26.76037731,5.22314376,NA,NA,1,NA,NA,NA,NA,NA,NA,4,79.9,73.23962269,44.35899535,17,205,HIC,NA,NA,0.061252419,NA,3,1.133,Goal met by deadline,NA,NA,1,NA,37958138,Goal met by deadline,Off track,HIC,NA,NA,Not captured,0.614215617,EUR,3.13133027,1.389026643,54223898,22427481,0.000480952,18256.03571,NA,0,16701581,0,0,6800285,29227766,0,0,0.590847765,1.071729572,1.742303627
168,PRT,Portugal,0.942,85.746,NA,597.062,94.283,0.569623662,629,NA,7.52,350.279494,26.60283331,NA,NA,4,NA,NA,NA,NA,NA,NA,4,95.2,0,53.56234387,16,202,HIC,NA,NA,0.043373838,NA,3,0.487,Goal met by deadline,NA,NA,1,57.14285714,10295909,Goal met by deadline,Goal met,HIC,NA,NA,Not captured,0.793370969,EUR,3.105588929,1.663426221,23750015,8820367,0.000567736,5845.357143,NA,0,4530200,0,0,0,7927850,0,0,0.856686573,0.687424296,1.442162708
169,PRI,Puerto Rico,0.769,92.608,NA,893.754,108.024,0.745004841,NA,NA,8.64,NA,NA,NA,NA,NA,NA,NA,NA,NA,NA,NA,NA,NA,NA,NA,NA,NA,NA,NA,NA,0.031069081,NA,2,0.802,NA,NA,NA,1,NA,2860853,NA,NA,NA,NA,NA,NA,NA,NA,NA,NA,NA,NA,NA,NA,NA,NA,NA,NA,NA,NA,NA,NA,NA,NA,NA,NA
170,QAT,Qatar,0,90.63,NA,13.988,90.63,0.185449983,254,NA,22.08,107.4279764,3.004846527,NA,NA,5,NA,NA,NA,NA,NA,NA,5,98.4,0,100.2710163,25,118,HIC,NA,NA,0.017167669,NA,3,0.029,Goal met by deadline,NA,NA,1,16,2881053,Goal met by deadline,Goal met,HIC,NA,NA,Not captured,1,EMR,1.287249141,1.290737796,6745581,2611100,0.001656091,4771.285714,NA,0,1267663,0,0,0,2218411,0,0,0.906300578,0,0
171,KOR,Republic of Korea,0.862,86.737,8.42,525.417,87.676,0.133219478,441,NA,1.82,NA,NA,NA,NA,NA,NA,NA,NA,NA,NA,NA,4,95.5,NA,59.91735968,18,189,HIC,NA,NA,0.030140199,NA,3,0.035,Goal met by deadline,NA,NA,1,0,51269185,Goal met by deadline,Goal met,HIC,NA,NA,Not captured,1,WPR,2.207754795,1.322828381,122216244,44461711,0.001226272,62869.96429,NA,0,22558441,0,0,0,39477272,0,0,0.867220944,0,0.884926413
172,MDA,Republic of Moldova,0,26.275,NA,0,27.01,2.22171576,138,NA,22.3,NA,NA,NA,NA,NA,NA,NA,NA,NA,NA,NA,4,71.7,NA,43.93011751,2,69,UMIC,NA,NA,0.10217817,Yes,2,0.144,Goal not yet met,1,NA,3,20.40816327,4033963,Goal met by deadline,Off track,UMIC,0.7,12/31/2022,Off track,0.985798962,EUR,0.689739841,0.303003523,2165433,1058998,0.000257227,1037.642857,3373,715946,1774944,552639,0,2047154,3106152,323767,1883847,0.262520504,0.008605929,0.386736319
173,REU,Réunion,0.782,NA,NA,1220.915,NA,0.18989488,NA,NA,NA,NA,NA,NA,NA,NA,NA,NA,NA,NA,NA,NA,NA,NA,NA,NA,NA,NA,Other,NA,NA,NA,NA,1,0.343,NA,NA,NA,2,NA,NA,NA,NA,Other,NA,NA,Not captured,NA,AFR,NA,NA,NA,NA,NA,NA,NA,NA,NA,NA,NA,NA,NA,NA,NA,NA,NA,NA
174,ROU,Romania,0.357,41.969,NA,24.885,42.265,2.261399611,629,NA,20.05,NA,NA,NA,NA,NA,NA,NA,NA,NA,NA,NA,4,77.8,NA,22.36202318,19,117,UMIC,NA,NA,0.071367592,NA,2,0.363,Goal met after deadline,NA,NA,1,NA,19328838,Goal met by deadline,Off track,UMIC,NA,NA,Not captured,0.694256303,EUR,3.111967646,0.695898946,15986585,8110030,0.000107083,2069.785714,NA,394659,8504689,0,0,6773175,14883205,0,1432287,0.41958187,0.425533418,2.4160687
175,RUS,Russian Federation,0.604,50.223,NA,25.414,55.152,2.067982705,200,292,30.68,91.71680349,3.876843537,NA,NA,2,NA,NA,NA,NA,NA,NA,4,69.3,8.283196513,62.71822963,16,99,UMIC,NA,NA,0.069474258,NA,3,0.007,Goal met by deadline,NA,NA,3,NA,145934460,Goal met by deadline,Off track,UMIC,NA,NA,Not captured,1,EUR,0.999846219,0.627085844,165034184,73179137,0.000679207,99119.64286,NA,0,64211162,0,0,39190397,112369534,0,20856100,0.50145207,0,0.372760375
176,RWA,Rwanda,0,64.895,NA,0.293,69.527,1.123413823,192,NA,NA,33.27671402,0.139211137,NA,NA,2,NA,NA,NA,NA,NA,NA,4,NA,66.72328598,89.37633459,17,93,LIC,NA,NA,1.249464,Yes,2,NA,Goal met by deadline,1,NA,2,3.225806452,12952218,Goal met by deadline,Off track,LIC,0.86,12/31/2022,Off track,0.982448769,AFR,0.98584644,0.881113412,20141669,8380667,0.000616455,7984.464286,614,0,5698976,0,0,1592541,9973208,0,0,0.647044931,0.030929251,0.104733027
177,BLM,Saint Barthélemy,0,NA,NA,313.606,NA,0.08853475,NA,NA,NA,NA,NA,NA,NA,NA,NA,NA,NA,NA,NA,NA,NA,NA,NA,NA,NA,NA,NA,NA,NA,NA,NA,1,NA,NA,NA,NA,2,NA,NA,NA,NA,NA,NA,NA,NA,NA,NA,NA,NA,NA,NA,NA,NA,NA,NA,NA,NA,NA,NA,NA,NA,NA,NA,NA,NA
178,SHN,Saint Helena,0,58.162,NA,0,71.833,NA,NA,NA,NA,NA,NA,NA,NA,NA,NA,NA,NA,NA,NA,NA,NA,NA,NA,NA,NA,NA,Other,NA,NA,NA,NA,1,NA,NA,NA,NA,2,NA,NA,NA,NA,Other,NA,NA,Not captured,NA,AFR,NA,NA,NA,NA,NA,NA,NA,NA,NA,NA,NA,NA,NA,NA,NA,NA,NA,NA
179,KNA,Saint Kitts and Nevis,0,50.102,NA,33.84,53.397,0.770195236,129,NA,3.33,449.0566038,1.680672269,NA,NA,5,NA,NA,NA,NA,NA,NA,4,NA,0,100,5,76,HIC,NA,NA,0.062705562,NA,1,NA,Goal met by deadline,NA,NA,1,NA,53192,Goal met by deadline,Off track,HIC,NA,NA,Not captured,0.945892992,AMR,0.648631373,0.648631373,58370,26650,0.000282669,15.03571429,NA,0,23404,0,0,14308,40958,6456,6456,0.50101519,0.070191006,0
180,LCA,Saint Lucia,0,29.147,NA,179.168,32.04,1.551237196,171,NA,NA,88.58695652,13.49693252,NA,NA,1,NA,NA,NA,NA,NA,NA,1,NA,11.41304348,95.97144314,17,94,UMIC,NA,NA,0.083148696,Yes,1,0.14,Goal not yet met,1,NA,2,57.14285714,183627,Goal met by deadline,Off track,UMIC,0.7,12/31/2022,Off track,0.496871679,AMR,0.854340593,0.819922996,119506,53441,0.000343476,63.07142857,2296,27355,80796,0,0,87952,141393,0,0,0.291030186,0.825052961,0.034417597
181,MAF,Saint Martin,0,NA,NA,178.484,NA,0.419567083,NA,NA,NA,NA,NA,NA,NA,NA,NA,NA,NA,NA,NA,NA,NA,NA,NA,NA,NA,NA,NA,NA,NA,NA,NA,1,5.542,NA,NA,NA,2,NA,NA,NA,NA,NA,NA,NA,NA,NA,NA,NA,NA,NA,NA,NA,NA,NA,NA,NA,NA,NA,NA,NA,NA,NA,NA,NA,NA
182,SPM,Saint Pierre and Miquelon,0,NA,NA,448.663,NA,0.036670334,NA,NA,NA,NA,NA,NA,NA,NA,NA,NA,NA,NA,NA,NA,NA,NA,NA,NA,NA,NA,NA,NA,NA,NA,NA,1,NA,NA,NA,NA,2,NA,NA,NA,NA,NA,NA,NA,NA,NA,NA,NA,NA,NA,NA,NA,NA,NA,NA,NA,NA,NA,NA,NA,NA,NA,NA,NA,NA
183,VCT,Saint Vincent and the Grenadines,0,27.431,NA,23.436,32.68,1.25443787,238,NA,NA,NA,NA,NA,NA,NA,NA,NA,NA,NA,NA,NA,1,NA,NA,92.80375992,1,111,UMIC,NA,NA,0.11265434,Yes,1,NA,Goal not yet met,1,NA,3,34.88372093,110940,Goal met by deadline,Off track,UMIC,0.9,6/30/2022,Off track,0.391768369,AMR,1.169911664,1.085722012,70287,30432,0.000170942,18.96428571,7013,18382,48814,0,0,54992,85424,0,0,0.274310438,1.320740941,0.084189652
184,WSM,Samoa,0.504,74.737,NA,537.764,94.445,0.187634863,227,NA,NA,NA,NA,NA,NA,NA,NA,NA,NA,NA,NA,NA,5,NA,NA,100.0002299,NA,87,LMIC,NA,NA,0.20049098,Yes,1,NA,Goal met by deadline,1,NA,2,NA,198414,Goal met by deadline,Off track,LMIC,0.95,1/4/2022,Deadline past,0.800927618,WPR,1.096155009,1.096152489,304893,131031,0.005150666,1021.964286,71,0,87302,0,0,21748,152779,0,0,0.660391908,0.436428377,2.52E-06
185,SMR,San Marino,0,68.569,NA,391.891,76.472,0.691812549,224,NA,23.27,491.1764706,14.37125749,NA,NA,4,NA,NA,NA,NA,NA,NA,4,NA,0,100.0013144,3,93,HIC,NA,NA,0.020826874,NA,1,NA,Goal met by deadline,NA,NA,1,NA,33938,Goal met by deadline,Off track,HIC,NA,NA,Not captured,1,EUR,1.120882197,1.120867464,69164,23624,0.001046025,35.5,NA,0,14933,0,0,2508,26132,0,0,0.696092875,0,1.47E-05
186,STP,Sao Tome and Principe,0,39.658,NA,0,51.884,1.224010731,190,NA,NA,17.80821918,2.564102564,NA,NA,2,NA,NA,NA,NA,NA,NA,4,NA,82.19178082,100.0002353,4,103,LMIC,NA,NA,0.20460615,Yes,1,NA,Goal not yet met,1,NA,2,47.82608696,219159,Goal met by deadline,Off track,LMIC,0.7,12/31/2022,Off track,0.590910289,AFR,0.969709207,0.969706925,208657,86914,0,0,NA,9516,96430,0,0,81838,168752,0,0,0.396579652,0.793396119,2.28E-06
187,SAU,Saudi Arabia,0.04,71.24,NA,3.749,76.001,1.205032995,200,NA,NA,40.65605791,1.928783383,NA,NA,2,NA,NA,NA,NA,NA,NA,4,98,59.34394209,100.6087701,17,117,HIC,NA,NA,0.044641919,NA,3,NA,Goal met by deadline,NA,NA,1,7.142857143,34813871,Goal met by deadline,Goal met,HIC,NA,NA,Not captured,1,EMR,1.00830238,1.014440623,64212008,24760229,0.001355012,47173.21429,NA,0,15318103,0,0,2046452,26806681,0,0,0.711217348,0,0
188,SEN,Senegal,0,43.629,NA,0.066,11.215,2.285727573,128,NA,NA,3.045867176,0.392156863,NA,NA,2,NA,NA,NA,NA,NA,NA,4,78,96.95413282,26.73908613,16,74,LMIC,NA,NA,0.30544639,Yes,2,15.305,Goal not yet met,1,NA,2,50,16743927,Goal not yet met,Off track,LMIC,0.5304,12/31/2022,Off track,0.525487712,AFR,0.655222159,0.175200417,2496373,1045680,0,0,NA,6321648,7367328,4433785,0,11847144,12892824,1921832,9959281,0.0624513,0.166269502,0.480021742
189,SRB,Serbia,0.419,47.781,NA,47.411,48.896,0.797421267,108,NA,25.26,91.81641296,6.108202443,NA,NA,1,NA,NA,NA,NA,NA,NA,4,70.9,8.183587044,100,26,64,UMIC,NA,NA,0.089062341,NA,2,0.004,Goal met by deadline,NA,NA,3,NA,6926705,Goal met by deadline,Off track,UMIC,NA,NA,Not captured,0.813300635,EUR,0.6775783,0.6775783,6695589,3309619,0.000239209,1656.928571,NA,0,3047750,0,0,2023944,5333563,640178,640178,0.477805681,0.253006877,0
190,SYC,Seychelles,0,81.64,NA,20.336,85.757,0.388849848,251,NA,-6.47,NA,NA,NA,NA,NA,NA,NA,NA,NA,NA,NA,4,NA,NA,99.99959646,1,166,HIC,NA,NA,0.080728322,NA,1,1.041,Goal met by deadline,NA,NA,1,41.66666667,98347,Goal met by deadline,Goal met,HIC,0.7,3/31/2021,Goal met,0.911616486,AFR,1.259840158,1.259845242,201121,80457,0.000461558,45.39285714,0,0,43273,0,0,0,75727,0,0,0.818093079,0.222698201,0
191,SLE,Sierra Leone,0,16.495,NA,0.013,24.916,1.627180422,112,NA,NA,2.920897581,0,NA,NA,2,NA,NA,NA,NA,NA,NA,4,NA,97.07910242,45.48167463,6,63,LIC,NA,NA,1.8526493,Yes,2,NA,Goal not yet met,1,NA,2,NA,7976983,Goal met after deadline,Off track,LIC,0.4,6/30/2022,Off track,0.791563297,AFR,0.571728873,0.260031894,2868978,1315830,0,0,NA,2194043,3509873,1435603,0,4826447,6142277,1581606,4068007,0.164953341,0.108400381,0.311696979
192,SGP,Singapore,0.273,85.128,1.1,312.495,85.67,0.111008751,261,NA,3.97,NA,NA,NA,NA,NA,NA,NA,NA,NA,NA,NA,4,98.6,NA,100.1842686,2,113,HIC,NA,NA,0.016008833,NA,3,0.351,Goal met by deadline,NA,NA,1,NA,5850342,Goal met by deadline,Goal met,HIC,NA,NA,Not captured,1,WPR,1.312806414,1.315225332,13964302,4980270,0.00084677,4953.892857,NA,0,2574150,0,0,0,4504763,0,0,0.851278438,0,0
193,SXM,Sint Maarten,0,60.562,NA,109.603,65.235,0.8544461,NA,NA,NA,NA,NA,NA,NA,NA,NA,NA,NA,NA,NA,NA,NA,NA,NA,NA,NA,NA,HIC,NA,NA,NA,NA,1,25.289,Goal met by deadline,NA,NA,1,NA,42882,Goal met by deadline,Off track,HIC,NA,NA,Not captured,NA,AMR,NA,NA,62043,25970,0,0,NA,0,18868,NA,NA,7049,33019,NA,NA,0.60561541,NA,NA
194,SVK,Slovakia,0.971,50.753,NA,61.269,51.685,1.119435174,666,NA,21.37,102.7106227,23.46647646,NA,6.210076576,4,NA,NA,NA,NA,NA,NA,4,76,0,30.22808088,19,134,HIC,NA,NA,0.04960883,NA,1,1.607,Goal met by deadline,NA,NA,1,NA,5457873,Goal met by deadline,Off track,HIC,NA,NA,Not captured,0.74256608,EUR,3.330919389,1.006873007,7062296,2769548,0.00013722,748.9285714,NA,0,2401464,0,0,1433014,4202562,0,0,0.507440902,0.518406529,2.324046382
195,SVN,Slovenia,0.716,57.621,7.112,246.534,59.113,0.757349778,629,NA,10.77,344.5406445,11.00097724,NA,5.230906059,4,NA,NA,NA,NA,NA,NA,4,78,0,42.77336812,21,167,HIC,NA,NA,0.036656074,NA,3,3.014,Goal met by deadline,NA,NA,1,NA,2095861,Goal met by deadline,Off track,HIC,NA,NA,Not captured,0.628436085,EUR,3.118965666,1.334086564,2955078,1207977,0.000146207,306.4285714,NA,0,922179,0,0,405836,1613813,0,0,0.576363127,0.991396853,1.784879102
196,SLB,Solomon Islands,0.437,20.458,NA,171.936,36.56,0.875859133,143,NA,NA,NA,NA,NA,NA,NA,NA,NA,NA,NA,NA,NA,5,NA,NA,66.05022313,NA,74,LMIC,NA,NA,0.20776488,Yes,1,0.857,Goal not yet met,1,NA,2,67.74193548,686884,Goal met after deadline,Off track,LMIC,NA,NA,Not captured,0.692787078,WPR,0.731415348,0.48310195,393415,140525,0.003512706,2412.821429,NA,161704,302229,0,0,388376,528901,26504,197066,0.204583307,0.296830324,0.248313398
197,SOM,Somalia,0,8.715,NA,0,13.843,5.138757787,126,NA,NA,NA,NA,NA,NA,NA,NA,NA,NA,NA,NA,NA,4,NA,NA,30.91381981,4,63,LIC,NA,NA,2.8610489,Yes,1,NA,Goal not yet met,1,NA,2,11.76470588,15893222,Goal not yet met,Off track,LIC,0.4,12/1/2022,Off track,0.517756151,EMR,0.645916888,0.199677573,2651515,1385138,0.000446127,7090.392857,1291,5607880,6993018,3819498,0,10852643,12237781,1972080,9064261,0.08715275,0.192586563,0.446239315
198,ZAF,South Africa,0.27,30.164,NA,76.928,33.222,2.616840579,117,NA,21.92,42.07287258,28.33727408,NA,NA,1,NA,NA,NA,NA,NA,NA,4,84.8,57.92712742,54.57736449,17,91,UMIC,NA,NA,0.11414963,NA,3,1.781,Goal not yet met,NA,NA,3,44.11764706,59308690,Goal met by deadline,Off track,UMIC,0.7,12/31/2021,Deadline past,1,AFR,0.592408237,0.323320798,34881319,19354014,0.000698877,41449.5,1013,6741810,26095824,6920091,0,26313677,45667691,10532734,26491958,0.326326783,0,0.269087439
199,SSD,South Sudan,0,5.538,NA,0.197,5.927,0.788346187,121,NA,NA,5.431481151,0.493421053,NA,NA,2,NA,NA,NA,NA,NA,NA,1,NA,94.56851885,15.11487732,7,46,LIC,NA,NA,4.3557611,Yes,1,NA,Goal not yet met,1,NA,3,72.72727273,11193725,Goal not yet met,Off track,LIC,0.5,12/31/2022,Off track,0.431366089,AFR,0.617160597,0.093283067,692015,599766,0.000218981,2451.214286,4059,4325473,4925239,3881054,0,8019402,8619168,1710842,7574983,0.053580555,0.10608783,0.52387753
200,ESP,Spain,1.105,78.759,5.562,238.54,86.983,0.873249103,629,NA,10.99,NA,NA,NA,0.41773047,NA,NA,NA,NA,NA,NA,NA,4,94.1,NA,53.49976556,3,193,HIC,NA,NA,0.034738347,NA,3,1.061,Goal met by deadline,NA,NA,1,NA,47332614,Goal met by deadline,Goal met,HIC,NA,NA,Not captured,0.742655588,EUR,3.105653926,1.661517574,101081973,37243389,0.000476239,22541.64286,NA,0,20826350,0,0,0,36446113,0,0,0.78684412,0.855164519,1.444136352
201,LKA,Sri Lanka,0.019,67.513,NA,0.715,79.69,2.487940069,259,NA,NA,14.76206043,0.695982284,NA,NA,2,NA,NA,NA,NA,NA,NA,4,97.6,85.23793957,77.91440214,18,135,LMIC,NA,NA,0.13355993,Yes,2,0.687,Goal met by deadline,1,NA,2,42.30769231,21413249,Goal met by deadline,Off track,LMIC,0.667,NA,Goal met,1,SEAR,1.300247338,1.013079939,39442424,14449321,0.000291644,6245.035714,0,0,9421830,0,0,2038881,16488202,0,0,0.674784149,0,0.287167398
202,SDN,Sudan,0.005,8.282,NA,0.032,13.523,7.940594378,133,NA,NA,NA,NA,NA,NA,NA,NA,NA,NA,NA,NA,NA,4,78.1,NA,17.84950141,1,66,LIC,NA,NA,1.269748,Yes,1,NA,Goal not yet met,1,NA,3,79.54545455,43849260,Goal not yet met,Off track,LIC,0.2,6/30/2022,Off track,0.764187574,EMR,0.680451084,0.121457124,7074667,3610352,0.000753173,33026.07143,243,15683322,19293674,13967869,0,30153578,33763930,3926654,28438125,0.082335529,0.057282198,0.55899396
203,SUR,Suriname,0,40.502,NA,9.716,45.615,1.672691547,179,NA,1.23,NA,NA,NA,NA,NA,NA,NA,NA,NA,NA,NA,4,NA,NA,76.79297684,NA,62,UMIC,NA,NA,0.16950913,NA,1,0.198,Goal met after deadline,NA,NA,2,51.06382979,586632,Goal met by deadline,Off track,UMIC,NA,NA,Not captured,0.778768412,AMR,0.905337588,0.695236537,553668,237596,8.18E-05,48,NA,20522,258118,0,0,214111,451707,0,43859,0.405017115,0.307616189,0.210101051
204,SWE,Sweden,0.01,71.449,NA,11.697,73.093,0.75203049,629,NA,5.01,NA,NA,NA,NA,NA,NA,NA,NA,NA,NA,NA,5,92.7,NA,46.85525213,2,163,HIC,NA,NA,0.018090291,NA,3,9.016,Goal met by deadline,NA,NA,1,NA,10327589,Goal met by deadline,Goal met,HIC,NA,NA,Not captured,0.798221414,EUR,3.093698539,1.449560202,20905395,7376613,0.003031782,31311,NA,0,4544139,0,0,575631,7952244,0,0,0.714262835,0.584980434,1.644138337
205,CHE,Switzerland,0.012,69.655,NA,23.56,74.516,0.364433662,837,NA,7.24,139.7111496,19.64108501,NA,0.322464443,4,NA,NA,NA,NA,NA,NA,5,81.6,0,28.61397689,17,190,HIC,NA,NA,0.011343577,NA,3,1.204,Goal met by deadline,NA,NA,1,NA,8654618,Goal met by deadline,On track,HIC,NA,NA,Not captured,0.875047158,EUR,4.214512818,1.205939765,16178253,5993725,0.017862499,154593.1071,NA,0,3808032,0,0,670331,6664056,0,0,0.692546453,0.301371187,3.008573053
206,SYR,Syrian Arab Republic,0,8.746,NA,0.154,14.101,5.640410407,130,NA,NA,NA,NA,NA,NA,NA,NA,NA,NA,NA,NA,NA,1,NA,NA,56.47140068,NA,70,LIC,NA,NA,NA,Yes,1,0.855,Goal not yet met,1,NA,3,26.53061224,17500658,Goal not yet met,Off track,LIC,0.7,12/31/2022,Off track,0.374931013,EMR,0.677998622,0.382875318,3684389,1524341,0.000493859,8642.857143,2374,6175949,7700290,999720,0,11951166,13475507,1610085,6774937,0.087101925,0.478646974,0.295123303
207,TJK,Tajikistan,0,51.525,NA,0,54.172,0.702799955,172,NA,30.17,NA,NA,NA,NA,NA,NA,NA,NA,NA,NA,NA,5,NA,NA,83.81134983,0,73,LMIC,NA,NA,1.1944994,Yes,1,NA,Goal met after deadline,1,NA,2,NA,9537642,Goal met by deadline,Off track,LMIC,0.7,12/1/2022,On track,0.922547178,EUR,0.876976248,0.735005675,11532475,4886268,0.004092828,39035.92857,85,0,4196562,0,0,2457716,7343984,0,333763,0.51231405,0.113856528,0.141970573
208,THA,Thailand,0.633,73.386,NA,85.277,80.409,0.672840586,338,NA,6.91,62.07163324,31.64381665,NA,NA,1,NA,NA,NA,NA,NA,NA,5,96.9,37.92836676,62.89853164,24,120,UMIC,NA,NA,0.1002989,NA,3,0.191,Goal met by deadline,NA,NA,2,46.93877551,69799978,Goal met by deadline,Goal met,UMIC,NA,NA,Not captured,1,SEAR,1.669104917,1.04984248,132328077,50907597,0.001881949,131360,NA,0,30711990,0,0,2838386,53745983,0,0,0.72933543,0,0.619262437
209,GBR,The United Kingdom,0.759,73.018,NA,75.795,78.092,0.796833215,669,NA,9.28,392.9145921,4.293415912,NA,NA,5,NA,NA,NA,NA,NA,NA,4,93,0,41.37643175,25,173,HIC,NA,NA,0.022960911,NA,3,12.895,Goal met by deadline,NA,NA,1,61.9047619,67886004,Goal met by deadline,Goal met,HIC,NA,NA,Not captured,0.850295543,EUR,3.362544126,1.391300775,141730603,49625700,0.000520515,35335.71429,NA,0,29869842,0,0,2646523,52272223,0,0,0.731015188,0.416567854,1.971243351
210,TLS,Timor-Leste,0,47.717,NA,0.834,59.686,0.56805768,123,NA,NA,NA,NA,NA,NA,NA,NA,NA,NA,NA,NA,NA,5,NA,NA,96.40196488,NA,75,LMIC,NA,NA,0.38773441,Yes,1,NA,Goal met by deadline,1,NA,2,90.24390244,1318445,Goal met by deadline,Off track,LMIC,0.7,6/30/2022,Off track,1,SEAR,0.627965141,0.605370721,1451179,618046,0.003266917,4307.25,104,0,580116,0,0,397157,1015203,187266,217055,0.468768891,0,0.02259442
211,TGO,Togo,0,18.814,NA,0.181,24.61,0.737718208,157,NA,NA,3.998067399,0.604229607,NA,NA,2,NA,NA,NA,NA,NA,NA,4,NA,96.0019326,48.7688019,16,78,LIC,NA,NA,1.0019591,Yes,1,NA,Goal not yet met,1,NA,2,46.15384615,8278724,Goal met after deadline,Off track,LIC,0.7,12/31/2022,Off track,0.613748476,AFR,0.79326488,0.386865778,3290821,1557538,0.001150207,9522.25,840,2085101,3642639,439884,0,4817079,6374617,0,3171862,0.188137447,0.298854993,0.406399102
212,TKL,Tokelau,0,99.037,NA,0,99.185,NA,NA,NA,NA,NA,NA,NA,NA,NA,NA,NA,NA,NA,NA,NA,NA,NA,NA,NA,NA,NA,NA,NA,NA,NA,NA,1,NA,NA,NA,NA,2,NA,NA,NA,NA,NA,NA,NA,NA,NA,NA,NA,NA,NA,NA,NA,NA,NA,NA,NA,NA,NA,NA,NA,NA,NA,NA,NA,NA
213,TON,Tonga,0,91.916,NA,538.341,98.987,0.102183,196,NA,NA,NA,NA,NA,NA,NA,NA,NA,NA,NA,NA,NA,5,NA,NA,100,NA,79,UMIC,NA,NA,0.15633421,Yes,1,NA,Goal met by deadline,1,NA,2,NA,105695,Goal met by deadline,On track,UMIC,NA,NA,Not captured,0.890014147,WPR,0.943005819,0.943005819,157483,69092,0.004555223,481.4642857,NA,0,46506,0,0,12293,81385,0,0,0.653692228,0.2074346,0
214,TTO,Trinidad and Tobago,1.286,50.816,NA,240.659,53.407,2.543723344,298,NA,NA,111.7941387,31.77749361,NA,NA,4,NA,NA,NA,NA,NA,NA,4,NA,0,57.17719788,7,159,HIC,NA,NA,0.069095246,NA,2,0.671,Goal met by deadline,NA,NA,1,NA,1399488,Goal met by deadline,Off track,HIC,NA,NA,Not captured,0.74996315,AMR,1.49219929,0.853197741,1552164,711166,0.000201783,282.3928571,NA,0,615775,0,0,366440,1077606,0,0,0.508161556,0.426661751,0.639001549
215,TUN,Tunisia,0.135,53.876,NA,4.391,61.132,2.744851602,177,NA,16.84,11.97224808,5.229681979,NA,NA,1,NA,NA,NA,NA,NA,NA,4,94.9,88.02775192,71.07927474,16,95,LMIC,NA,NA,0.13769867,Yes,2,0.032,Goal met by deadline,1,NA,2,25,11818619,Goal met by deadline,Off track,LMIC,0.7,7/1/2022,Off track,0.97502378,EMR,0.892906396,0.634671361,13127000,6366918,0.00022557,2665.928571,1109,0,5200192,0,0,2733419,9100337,0,1599398,0.538719287,0.031703383,0.258235036
216,TUR,Turkey,0.075,63.767,NA,11.627,69.523,0.657073122,282,NA,NA,11.28185063,15.42827115,NA,NA,1,NA,NA,NA,NA,NA,NA,4,91,88.71814937,67.60355458,18,135,UMIC,NA,NA,0.083260864,NA,3,0.18,Goal met by deadline,NA,NA,3,NA,84339067,Goal met by deadline,Off track,UMIC,NA,NA,Not captured,1,EUR,1.422828166,0.961882422,147333131,53014873,0.000356306,30050.53571,NA,0,37109189,0,0,11926209,64941082,0,0,0.628592121,0,0.460945744
217,TKM,Turkmenistan,0,48.415,NA,0,49.244,NA,263,NA,NA,NA,NA,NA,NA,NA,NA,NA,NA,NA,NA,NA,5,NA,NA,49.13615528,NA,141,UMIC,NA,NA,0.088558517,NA,2,NA,Goal met after deadline,NA,NA,2,0,6031187,Goal met by deadline,Off track,UMIC,NA,NA,Not captured,1,EUR,1.334728968,0.655834415,7140000,2920000,0.003167838,19105.82143,NA,0,2653722,0,0,1724014,4644014,0,688554,0.484150135,0,0.678894553
218,TCA,Turks and Caicos Islands,0,76.083,NA,0,81.334,0.600500417,NA,NA,NA,NA,NA,NA,NA,NA,NA,NA,NA,NA,NA,NA,4,NA,NA,NA,NA,NA,HIC,NA,NA,NA,NA,1,NA,Goal met by deadline,NA,NA,1,NA,38718,Goal met by deadline,Goal met,HIC,NA,NA,Not captured,1,AMR,NA,0.977323209,68800,29458,0,0,NA,0,17036,0,NA,355,29813,NA,0,0.760834754,0,NA
219,TUV,Tuvalu,0,52.239,NA,0,54.003,NA,227,NA,NA,NA,NA,NA,NA,NA,NA,NA,NA,NA,NA,NA,4,NA,NA,61.29985229,NA,100,UMIC,NA,NA,0.1304442,Yes,1,NA,Goal met by deadline,1,NA,2,NA,11792,Goal met by deadline,Off track,UMIC,0.89,12/31/2022,Off track,0.854698795,WPR,1.148236092,0.703867028,12528,6160,0.000215037,2.535714286,3337,0,5188,0,0,2920,9080,0,780,0.52238806,0.204545455,0.444369064
220,UGA,Uganda,0,23.105,NA,0.074,34.293,2.191911008,127,NA,NA,6.530246387,0.267827251,NA,NA,2,NA,NA,NA,NA,NA,NA,5,NA,93.46975361,71.52442641,15,93,LIC,NA,NA,0.98425043,Yes,2,NA,Goal not yet met,1,NA,2,85.71428571,45741007,Goal met after deadline,Off track,LIC,0.666,12/31/2022,Off track,0.559477088,AFR,0.65338884,0.467332628,19643808,10235247,0.00159115,72780.82143,485,9890796,20126043,0,0,24985328,35220575,5333912,13844310,0.223765231,0.41174146,0.186056212
221,UKR,Ukraine,0.087,34.65,NA,8.209,36.069,2.166181294,305,NA,14.89,NA,NA,NA,NA,NA,NA,NA,NA,NA,NA,NA,4,77.1,NA,35.13745293,21,106,LMIC,NA,NA,0.11167272,Yes,2,0.003,Goal not yet met,1,NA,3,65.95744681,43733759,Goal met by deadline,Off track,LMIC,0.63,12/31/2022,Off track,0.779454422,EUR,1.516530468,0.532870179,31668577,15153577,0.001161274,50786.85714,476,4089277,19242854,0,0,18521417,33674994,0,10370578,0.346496102,0.235044324,0.983660289
222,ARE,United Arab Emirates,0,98.715,NA,14.56,101.018,0.255706464,272,NA,NA,1627.704752,0.128587402,NA,NA,5,NA,NA,NA,NA,NA,NA,4,97.5,0,100.0274468,21,127,HIC,NA,NA,0.024365095,NA,3,NA,Goal met by deadline,NA,NA,1,10.41666667,9890402,Goal met by deadline,Goal met,HIC,NA,NA,Not captured,1,EMR,1.371471706,1.371848081,24698276,9753301,0.000733081,7250.464286,NA,0,4351777,0,0,0,7615610,0,0,0.986137975,0,0
223,TZA,United Republic of Tanzania,0,5.806,NA,0,10.855,2.370689655,84,NA,NA,NA,NA,NA,NA,NA,NA,NA,NA,NA,NA,NA,4,76.2,NA,20.49562047,NA,40,LMIC,NA,NA,0.42236388,Yes,1,NA,Goal not yet met,1,NA,2,NA,59734218,Goal not yet met,Off track,LMIC,0.7,10/30/2022,Off track,0.787107941,AFR,0.432739849,0.088692715,7280582,3467885,0.000943402,56353.39286,1307,22815171,26283056,20985066,433680,42527463,45995348,20145972,40697358,0.058055251,0.03776395,0.344047134
224,USA,United States of America,1.197,65.556,NA,141.085,81.047,1.222214977,466,NA,16.6,150.9013513,15.59116535,NA,NA,4,NA,NA,NA,NA,NA,NA,4,NA,0,47.60681065,27,151,HIC,NA,NA,0.015290727,NA,3,5.192,Goal met by deadline,NA,NA,1,NA,331002651,Goal met by deadline,Off track,HIC,NA,NA,Not captured,0.868460321,AMR,2.341370976,1.114652045,567051147,216991112,0.00149327,494276.1786,NA,0,145641166,0,0,37880929,254872041,0,0,0.655557022,0.293241946,1.22671893
225,VIR,United States Virgin Islands,1.915,NA,NA,783.337,NA,0.658239646,NA,NA,NA,NA,NA,NA,NA,NA,NA,NA,NA,NA,NA,NA,NA,NA,NA,NA,NA,NA,HIC,NA,NA,NA,NA,1,NA,NA,NA,NA,2,NA,NA,NA,NA,HIC,NA,NA,Not captured,NA,AMR,NA,NA,NA,NA,NA,NA,NA,NA,NA,NA,NA,NA,NA,NA,NA,NA,NA,NA
226,URY,Uruguay,0,82.391,NA,0,85.862,0.801357751,258,NA,4.26,55.95854922,3.909465021,NA,NA,2,NA,NA,NA,NA,NA,NA,4,93.5,44.04145078,100.2091255,15,116,HIC,NA,NA,0.062528439,NA,3,0.007,Goal met by deadline,NA,NA,1,18.86792453,3473730,Goal met by deadline,Goal met,HIC,NA,NA,Not captured,1,AMR,1.291287319,1.293987731,8165669,2862052,0.001163539,4041.821429,NA,0,1528441,0,0,0,2674772,0,0,0.8239132,0,0
227,UZB,Uzbekistan,0,43.478,NA,0.326,57.275,0.685694659,188,NA,10.93,NA,NA,NA,NA,NA,NA,NA,NA,NA,NA,NA,5,73.9,NA,84.37878492,0,86,LMIC,NA,NA,0.25748229,Yes,2,NA,Goal met after deadline,1,NA,2,NA,33469199,Goal met by deadline,Off track,LMIC,0.7,8/1/2022,Off track,0.982900642,EUR,0.950883408,0.802343851,47418486,14440696,0.00297523,99578.57143,134,285752,14726448,0,0,11330587,25771283,0,0,0.431462253,0.02743913,0.148539557
228,VUT,Vanuatu,0.326,38.47,NA,90.837,43.283,0.179671458,159,NA,NA,NA,NA,NA,NA,NA,NA,NA,NA,NA,NA,NA,5,NA,NA,71.9844358,NA,76,LMIC,NA,NA,0.15133484,Yes,1,NA,Goal not yet met,1,NA,2,20.75471698,307145,Goal met after deadline,Off track,LMIC,0.8,12/31/2022,On track,0.771318087,WPR,0.81581989,0.587263345,242178,118158,0.003476255,1067.714286,225,16986,135144,0,0,118344,236502,0,56127,0.384697781,0.26859301,0.228556545
229,VEN,Venezuela (Bolivarian Republic of),0,50.244,NA,0.921,77.92,1.092449678,161,NA,NA,NA,NA,NA,NA,NA,NA,NA,NA,NA,NA,NA,4,92.3,NA,99.99999784,1,57,UMIC,NA,NA,0.48127323,NA,2,NA,Goal met by deadline,NA,NA,2,NA,28435940,Goal met by deadline,Off track,UMIC,NA,NA,Not captured,0.917253791,AMR,0.814587016,0.814587033,37860994,14287370,0,0,NA,0,12511814,0,0,7608304,21895674,0,0,0.502440573,0.134807975,0
230,VNM,Viet Nam,0.014,79.206,NA,23.278,83.96,0.403290164,311,NA,NA,NA,NA,NA,NA,NA,NA,NA,NA,NA,NA,NA,5,99.1,NA,80.13088927,2,128,LMIC,NA,NA,0.13080905,Yes,2,0.017,Goal met by deadline,1,NA,3,NA,97338579,Goal met after deadline,Goal met,LMIC,0.95,1/12/2023,Off track,1,WPR,1.493791259,1.196988216,211284125,77035786,0.002464929,239932.7143,114,0,42828975,0,0,0,74950706,0,0,0.791420902,0,0.296803044
231,WLF,Wallis and Futuna,0,58.981,NA,0,58.616,1.54185022,NA,NA,NA,NA,NA,NA,NA,NA,NA,NA,NA,NA,NA,NA,4,NA,NA,NA,NA,NA,Other,NA,NA,NA,No,1,NA,Goal met by deadline,NA,NA,2,NA,11246,Goal met by deadline,Off track,Other,NA,NA,Not captured,1,WPR,NA,0.800906989,16426,6633,0.001111506,12.5,NA,0,4948,0,NA,2026,8659,NA,0,0.58980971,0,NA
232,YEM,Yemen,0,1.404,NA,0,2.203,18.18258736,120,NA,NA,NA,NA,NA,NA,NA,NA,NA,NA,NA,NA,NA,1,64.7,NA,7.095073548,NA,33,LIC,NA,NA,1.7134955,Yes,1,NA,Goal not yet met,1,NA,2,44.82758621,29825964,Goal not yet met,Off track,LIC,0.2,12/31/2022,Off track,0.416584361,EMR,0.613371088,0.04351913,821853,418785,1.48E-05,440.4285714,24646,12704639,13123424,11825424,0,22547207,22965992,4671608,21667992,0.014040954,0.050779482,0.569851959
233,ZMB,Zambia,0,12.693,NA,0.12,17.629,1.243452018,118,NA,NA,8.322454308,4.379084967,47,NA,2,92,43,89,96,96,87,4,NA,91.67754569,41.6222564,14,68,LMIC,NA,NA,0.43899682,Yes,2,0.092,Goal not yet met,1,4,2,43.85964912,18383955,Goal met after deadline,Off track,LMIC,0.46,12/31/2023,Off track,0.504648189,AFR,0.605630018,0.252076879,3750417,2333446,0.000711937,13088.21429,858,5755494,8088940,3454770,0,11822199,14155645,3021770,9521475,0.1269284,0.249733477,0.353553139
234,ZWE,Zimbabwe,0,25.409,NA,0,39.658,2.206647784,266,NA,NA,12.50756913,4.895104895,NA,NA,2,NA,NA,NA,NA,NA,NA,4,89.2,87.49243087,37.14262719,15,86,LMIC,NA,NA,0.29409644,Yes,1,NA,Goal not yet met,1,NA,2,NA,14862924,Goal met by deadline,Off track,LMIC,0.47,12/31/2023,Off track,0.768508303,AFR,1.352599663,0.50239105,9983503,3616013,0.001116724,16597.78571,274,2923674,6539687,0,0,7828438,11444451,0,3977451,0.243290822,0.232598713,0.850208613
